,gene_id
0,0610007P14Rik
1,0610009B22Rik
2,0610010F05Rik
3,0610012G03Rik
4,0610037L13Rik
5,1110001J03Rik
6,1110004F10Rik
7,1110008P14Rik
8,1110032A03Rik
9,1110051M20Rik
10,1110057K04Rik
11,1110058L19Rik
12,1110059E24Rik
13,1500009L16Rik
14,1500011B03Rik
15,1700017B05Rik
16,1700020I14Rik
17,1700037H04Rik
18,1700066M21Rik
19,1700086L19Rik
20,1700123O20Rik
21,1810026B05Rik
22,1810026J23Rik
23,1810030O07Rik
24,1810037I17Rik
25,1810058I24Rik
26,2010107E04Rik
27,2010111I01Rik
28,2210013O21Rik
29,2210016L21Rik
30,2210018M11Rik
31,2310035C23Rik
32,2310036O22Rik
33,2310061I04Rik
34,2410004B18Rik
35,2410015M20Rik
36,2410089E03Rik
37,2510003E04Rik
38,2510009E07Rik
39,2610001J05Rik
40,2610002M06Rik
41,2610008E11Rik
42,2610203C20Rik
43,2610301B20Rik
44,2610507B11Rik
45,2700029M09Rik
46,2700060E02Rik
47,2700089E24Rik
48,2810008D09Rik
49,2810013P06Rik
50,2810025M15Rik
51,2810403A07Rik
52,2810468N07Rik
53,2810474O19Rik
54,2900011O08Rik
55,2900055J20Rik
56,2900097C17Rik
57,3110002H16Rik
58,3110035E14Rik
59,3830406C13Rik
60,4632428N05Rik
61,4833420G17Rik
62,4833439L19Rik
63,4930402H24Rik
64,4930452B06Rik
65,4930453N24Rik
66,4931406P16Rik
67,4932438A13Rik
68,4933431E20Rik
69,4933434E20Rik
70,5031426D15Rik
71,5330434G04Rik
72,5730455P16Rik
73,5830428H23Rik
74,6330403K07Rik
75,6430548M08Rik
76,8430419L09Rik
77,9030624J02Rik
78,9330159F19Rik
79,9430020K01Rik
80,9530068E07Rik
81,9530091C08Rik
82,9930021J03Rik
83,A230006K03Rik
84,A230046K03Rik
85,A230073K19Rik
86,A330023F24Rik
87,A330050F15Rik
88,A330076H08Rik
89,A530058N18Rik
90,A730017C20Rik
91,A830010M20Rik
92,A830018L16Rik
93,A930011O12Rik
94,AI314180
95,AI413582
96,AI464131
97,AI593442
98,AI597479
99,AW112010
100,AW209491
101,AW549877
102,AW551984
103,Aak1
104,Aamdc
105,Aamp
106,Aars
107,Aarsd1
108,Aasdhppt
109,Abat
110,Abca1
111,Abca5
112,Abcb1a
113,Abcc5
114,Abcd2
115,Abcd3
116,Abce1
117,Abcf2
118,Abcf3
119,Abcg2
120,Abhd10
121,Abhd12
122,Abhd14b
123,Abhd16a
124,Abhd17a
125,Abhd17b
126,Abhd3
127,Abhd4
128,Abhd6
129,Abhd8
130,Abi1
131,Abi2
132,Ablim1
133,Abr
134,Acaa1a
135,Acaa2
136,Acadl
137,Acadm
138,Acadsb
139,Acadvl
140,Acap2
141,Acat1
142,Acbd5
143,Acd
144,Acer3
145,Ache
146,Ackr3
147,Acly
148,Aco2
149,Acot13
150,Acot7
151,Acot9
152,Acox1
153,Acp2
154,Acsbg1
155,Acsl3
156,Acsl4
157,Acsl5
158,Acsl6
159,Acss1
160,Acss2
161,Acta2
162,Actb
163,Actg1
164,Actl6b
165,Actn4
166,Actr10
167,Actr1a
168,Actr1b
169,Actr2
170,Actr3
171,Actr3b
172,Actr6
173,Actr8
174,Acvrl1
175,Adam10
176,Adam15
177,Adam22
178,Adamts18
179,Adap1
180,Adar
181,Adarb2
182,Adcy1
183,Adcy2
184,Adcyap1
185,Adcyap1r1
186,Add1
187,Add2
188,Add3
189,Adh5
190,Adhfe1
191,Adi1
192,Adipor1
193,Adk
194,Adnp
195,Adora1
196,Adora2b
197,Adprh
198,Adra1b
199,Adrbk2
200,Adsl
201,Adss
202,Aes
203,Afap1
204,Afap1l1
205,Aff4
206,Aftph
207,Aga
208,Agap3
209,Agfg1
210,Agl
211,Agmo
212,Ago3
213,Agpat3
214,Agpat4
215,Agpat5
216,Agrn
217,Agtpbp1
218,Ahcyl1
219,Ahi1
220,Ahnak
221,Ahsa1
222,Aifm3
223,Aig1
224,Aimp2
225,Aip
226,Ak1
227,Ak3
228,Ak5
229,Akap11
230,Akap13
231,Akap2
232,Akap5
233,Akap6
234,Akap7
235,Akap8
236,Akap8l
237,Akap9
238,Akirin1
239,Akirin2
240,Akr1a1
241,Akr1b10
242,Akr1c18
243,Akr1e1
244,Akt1
245,Akt2
246,Aktip
247,Alas1
248,Alcam
249,Aldh1a1
250,Aldh1l1
251,Aldh2
252,Aldh3a2
253,Aldh6a1
254,Aldh7a1
255,Aldh9a1
256,Aldoa
257,Aldoc
258,Alg14
259,Alg2
260,Alg3
261,Alg5
262,Amer2
263,Amfr
264,Amigo2
265,Amn1
266,Ampd2
267,Amph
268,Amy1
269,Anapc1
270,Anapc11
271,Anapc16
272,Anapc2
273,Anapc4
274,Anapc5
275,Angel2
276,Ank
277,Ank2
278,Ank3
279,Ankhd1
280,Ankmy2
281,Ankra2
282,Ankrd10
283,Ankrd11
284,Ankrd12
285,Ankrd17
286,Ankrd29
287,Ankrd40
288,Ankrd45
289,Ankrd46
290,Anks1b
291,Ano3
292,Anp32e
293,Anxa2
294,Anxa3
295,Anxa5
296,Anxa6
297,Anxa7
298,Ap1ar
299,Ap1b1
300,Ap1m1
301,Ap1s1
302,Ap1s2
303,Ap2a1
304,Ap2a2
305,Ap2m1
306,Ap2s1
307,Ap3b1
308,Ap3b2
309,Ap3d1
310,Ap3m1
311,Ap3m2
312,Ap4s1
313,Ap5m1
314,Apba2
315,Apbb1
316,Apc
317,Api5
318,Aplp1
319,Aplp2
320,Apmap
321,Apoa1bp
322,Apod
323,Apoe
324,App
325,Appbp2
326,Appl1
327,Appl2
328,Aqp4
329,Araf
330,Arap2
331,Arc
332,Arcn1
333,Arf1
334,Arf2
335,Arf3
336,Arf4
337,Arf5
338,Arfgap1
339,Arfgef1
340,Arfrp1
341,Arhgap1
342,Arhgap12
343,Arhgap15
344,Arhgap20
345,Arhgap21
346,Arhgap26
347,Arhgap29
348,Arhgap31
349,Arhgap32
350,Arhgap5
351,Arhgdia
352,Arhgdib
353,Arhgdig
354,Arhgef12
355,Arhgef2
356,Arhgef25
357,Arhgef28
358,Arhgef3
359,Arhgef4
360,Arhgef7
361,Arhgef9
362,Arid1a
363,Arid2
364,Arid4a
365,Arid4b
366,Arid5a
367,Arid5b
368,Arih1
369,Arl1
370,Arl15
371,Arl2
372,Arl2bp
373,Arl3
374,Arl4a
375,Arl4c
376,Arl6
377,Arl6ip1
378,Arl6ip5
379,Arl8a
380,Arl8b
381,Armc1
382,Armc8
383,Armcx1
384,Arnt2
385,Arntl
386,Arpc1a
387,Arpc1b
388,Arpc2
389,Arpc3
390,Arpc4
391,Arpc5
392,Arpc5l
393,Arpp19
394,Arpp21
395,Arrb1
396,Arrdc3
397,Arxes1
398,Arxes2
399,Asah1
400,Asap1
401,Asb13
402,Asb8
403,Ascc3
404,Ash1l
405,Ash2l
406,Asns
407,Aspa
408,Asph
409,Asphd2
410,Aspn
411,Aspscr1
412,Asrgl1
413,Astn1
414,Asxl2
415,Atad1
416,Atat1
417,Atcay
418,Ate1
419,Atf2
420,Atf4
421,Atf7ip
422,Atg12
423,Atg16l1
424,Atg3
425,Atg5
426,Atl1
427,Atl2
428,Atox1
429,Atp11b
430,Atp13a1
431,Atp13a2
432,Atp13a4
433,Atp1a1
434,Atp1a2
435,Atp1a3
436,Atp1b1
437,Atp1b2
438,Atp1b3
439,Atp2a2
440,Atp2b1
441,Atp2b2
442,Atp2b4
443,Atp2c1
444,Atp5a1
445,Atp5b
446,Atp5c1
447,Atp5d
448,Atp5e
449,Atp5f1
450,Atp5g1
451,Atp5g3
452,Atp5h
453,Atp5j
454,Atp5j2
455,Atp5k
456,Atp5o
457,Atp5s
458,Atp6ap1
459,Atp6ap1l
460,Atp6ap2
461,Atp6v0a1
462,Atp6v0b
463,Atp6v0c
464,Atp6v0d1
465,Atp6v0e
466,Atp6v0e2
467,Atp6v1a
468,Atp6v1b2
469,Atp6v1c1
470,Atp6v1d
471,Atp6v1e1
472,Atp6v1f
473,Atp6v1g1
474,Atp6v1g2
475,Atp6v1h
476,Atp8a1
477,Atp9a
478,Atp9b
479,Atpif1
480,Atraid
481,Atrn
482,Atrx
483,Atxn10
484,Atxn2
485,Atxn7l1
486,Atxn7l3b
487,Auh
488,Aup1
489,Aurkaip1
490,Axl
491,Azi2
492,Azin1
493,B230118H07Rik
494,B230216N24Rik
495,B230217C12Rik
496,B230219D22Rik
497,B2m
498,B3galnt1
499,B3galt2
500,B3gnt2
501,B4galnt1
502,B4galt4
503,B4galt6
504,B4gat1
505,B630005N14Rik
506,B930095G15Rik
507,BC003331
508,BC004004
509,BC005561
510,BC005624
511,BC028528
512,BC031181
513,Babam1
514,Bach2
515,Bag1
516,Bag4
517,Bag5
518,Bai2
519,Bai3
520,Baiap2
521,Banf1
522,Banf2
523,Bap1
524,Basp1
525,Baz1b
526,Baz2b
527,Bbip1
528,Bbs4
529,Bcam
530,Bcan
531,Bcap29
532,Bcap31
533,Bcar3
534,Bcas2
535,Bcat1
536,Bccip
537,Bckdhb
538,Bckdk
539,Bcl11a
540,Bcl2
541,Bcl2l1
542,Bcl6
543,Bcl7b
544,Bclaf1
545,Bdnf
546,Bdp1
547,Becn1
548,Bend6
549,Bet1
550,Bex1
551,Bex2
552,Bfar
553,Bgn
554,Bhlhb9
555,Bhlhe40
556,Bicd1
557,Bin1
558,Birc2
559,Birc6
560,Blcap
561,Blmh
562,Blnk
563,Bloc1s1
564,Blvra
565,Bmp1
566,Bmp5
567,Bmpr1a
568,Bmpr2
569,Bmyc
570,Bnip2
571,Bnip3
572,Bnip3l
573,Bod1
574,Bod1l
575,Bok
576,Bpgm
577,Bptf
578,Braf
579,Brcc3
580,Brd4
581,Brd7
582,Brd8
583,Brd9
584,Brinp1
585,Brinp2
586,Brinp3
587,Brix1
588,Brk1
589,Brms1l
590,Brwd1
591,Bscl2
592,Bsg
593,Bsn
594,Bst2
595,Btaf1
596,Btbd1
597,Btbd10
598,Btbd11
599,Btbd17
600,Btbd3
601,Btbd9
602,Btd
603,Btf3
604,Btg1
605,Btg2
606,Btrc
607,Bub3
608,Bud31
609,Bzw1
610,Bzw2
611,C1d
612,C1galt1c1
613,C1qa
614,C1qb
615,C1qbp
616,C1qc
617,C1ql2
618,C1ql3
619,C1qtnf4
620,C2cd5
621,C630043F03Rik
622,C730002L08Rik
623,COX1
624,CYTB
625,Cab39
626,Cacna1e
627,Cacna2d1
628,Cacna2d2
629,Cacna2d3
630,Cacnb4
631,Cacng3
632,Cacng4
633,Cacng5
634,Cacybp
635,Cadm1
636,Cadm2
637,Cadps
638,Cadps2
639,Calb1
640,Calb2
641,Cald1
642,Calm1
643,Calm2
644,Calm3
645,Caln1
646,Calr
647,Calu
648,Caly
649,Camk1
650,Camk1g
651,Camk2a
652,Camk2b
653,Camk2d
654,Camk2g
655,Camk2n1
656,Camk4
657,Camkk1
658,Camkk2
659,Camkv
660,Caml
661,Camsap2
662,Camta1
663,Cand1
664,Canx
665,Cap2
666,Capn2
667,Capn7
668,Caprin1
669,Capza2
670,Capzb
671,Car10
672,Car2
673,Car4
674,Car8
675,Carkd
676,Cars
677,Cartpt
678,Casc4
679,Casd1
680,Cat
681,Cav1
682,Cav2
683,Cbln2
684,Cbln4
685,Cbr1
686,Cbs
687,Cbx5
688,Cbx6
689,Ccar1
690,Ccdc107
691,Ccdc124
692,Ccdc127
693,Ccdc132
694,Ccdc136
695,Ccdc141
696,Ccdc186
697,Ccdc25
698,Ccdc3
699,Ccdc32
700,Ccdc47
701,Ccdc50
702,Ccdc85b
703,Ccdc88a
704,Ccdc90b
705,Cck
706,Cckbr
707,Ccl27a
708,Ccnc
709,Ccnd1
710,Ccnd2
711,Ccnd3
712,Ccndbp1
713,Ccne1
714,Ccng1
715,Ccnh
716,Ccni
717,Ccnl1
718,Ccnl2
719,Ccnt2
720,Ccny
721,Ccp110
722,Ccpg1
723,Ccrn4l
724,Ccsap
725,Ccser2
726,Cct2
727,Cct3
728,Cct4
729,Cct5
730,Cct6a
731,Cct7
732,Cct8
733,Cd164
734,Cd200
735,Cd24a
736,Cd302
737,Cd320
738,Cd34
739,Cd47
740,Cd53
741,Cd59a
742,Cd63
743,Cd68
744,Cd81
745,Cd82
746,Cd9
747,Cd97
748,Cdadc1
749,Cdc123
750,Cdc16
751,Cdc23
752,Cdc27
753,Cdc37
754,Cdc37l1
755,Cdc42
756,Cdc42bpa
757,Cdc42ep3
758,Cdc42se1
759,Cdc42se2
760,Cdc5l
761,Cdh10
762,Cdh11
763,Cdh12
764,Cdh13
765,Cdh4
766,Cdh6
767,Cdh8
768,Cdh9
769,Cdip1
770,Cdipt
771,Cdk11b
772,Cdk14
773,Cdk16
774,Cdk17
775,Cdk19
776,Cdk2ap2
777,Cdk4
778,Cdk5
779,Cdk5r1
780,Cdk7
781,Cdkn1a
782,Cdkn2aipnl
783,Cdkn2d
784,Cdo1
785,Cdr1
786,Cds1
787,Cds2
788,Cebpg
789,Celf1
790,Celf2
791,Celf4
792,Celf6
793,Celsr2
794,Celsr3
795,Cend1
796,Cenpa
797,Cep112
798,Cep170
799,Cep19
800,Cep350
801,Cep70
802,Cep85l
803,Cept1
804,Cerk
805,Cers2
806,Cers4
807,Cers5
808,Cetn2
809,Cetn3
810,Cfap20
811,Cfap36
812,Cfdp1
813,Cfh
814,Cfl1
815,Cfl2
816,Cggbp1
817,Cgnl1
818,Cgrrf1
819,Chac1
820,Chat
821,Chchd1
822,Chchd10
823,Chchd2
824,Chchd3
825,Chchd4
826,Chchd6
827,Chd3os
828,Chd6
829,Chd7
830,Chd9
831,Chga
832,Chgb
833,Chka
834,Chl1
835,Chm
836,Chmp1a
837,Chmp1b
838,Chmp2a
839,Chmp2b
840,Chmp3
841,Chmp5
842,Chmp7
843,Chn1
844,Chn2
845,Chodl
846,Chordc1
847,Chp1
848,Chpf
849,Chpt1
850,Chrdl1
851,Chrm2
852,Chrna6
853,Chst1
854,Chst10
855,Chst2
856,Chst9
857,Chtop
858,Chuk
859,Churc1
860,Ciao1
861,Ciapin1
862,Cib1
863,Cinp
864,Cipc
865,Cirbp
866,Cirh1a
867,Cisd1
868,Cisd2
869,Cit
870,Cited2
871,Ckap5
872,Ckb
873,Ckmt1
874,Clasp2
875,Clcc1
876,Clcn3
877,Clcn4-2
878,Cldn10
879,Cldn11
880,Cldn12
881,Cldn5
882,Cldnd1
883,Clec2l
884,Clic1
885,Clic4
886,Clip1
887,Clip3
888,Clk1
889,Clk3
890,Clk4
891,Clmn
892,Cln5
893,Clns1a
894,Clock
895,Clpp
896,Clptm1
897,Clptm1l
898,Clpx
899,Clstn1
900,Clstn2
901,Clstn3
902,Clta
903,Cltb
904,Cltc
905,Clu
906,Cmas
907,Cmbl
908,Cmip
909,Cml1
910,Cmpk1
911,Cmtm3
912,Cmtm5
913,Cmtm6
914,Cnbp
915,Cnep1r1
916,Cnih1
917,Cnih2
918,Cnih3
919,Cnih4
920,Cnksr2
921,Cnn2
922,Cnn3
923,Cnot10
924,Cnot2
925,Cnot4
926,Cnot6
927,Cnot6l
928,Cnot7
929,Cnot8
930,Cnp
931,Cnpy2
932,Cnr1
933,Cnrip1
934,Cntn1
935,Cntn4
936,Cntn6
937,Cntnap2
938,Cntnap4
939,Cntnap5a
940,Cntnap5b
941,Cntrl
942,Coa3
943,Coa5
944,Coch
945,Cog4
946,Cog6
947,Cog7
948,Col19a1
949,Col1a2
950,Col23a1
951,Col25a1
952,Col4a1
953,Col4a2
954,Col5a1
955,Col6a1
956,Col8a1
957,Colec12
958,Colgalt1
959,Commd1
960,Commd3
961,Commd4
962,Commd6
963,Commd7
964,Commd8
965,Comt
966,Copa
967,Copb1
968,Copb2
969,Cope
970,Copg1
971,Coprs
972,Cops2
973,Cops3
974,Cops4
975,Cops5
976,Cops6
977,Cops7a
978,Cops8
979,Copz1
980,Copz2
981,Coq10b
982,Coq2
983,Coq5
984,Coq7
985,Coq9
986,Coro1a
987,Coro1b
988,Coro1c
989,Cort
990,Cox14
991,Cox17
992,Cox4i1
993,Cox5a
994,Cox5b
995,Cox6a1
996,Cox6a2
997,Cox6b1
998,Cox6c
999,Cox7a2
1000,Cox7a2l
1001,Cox7b
1002,Cox7c
1003,Cox8a
1004,Cp
1005,Cpe
1006,Cpeb2
1007,Cpeb4
1008,Cplx1
1009,Cplx2
1010,Cplx3
1011,Cpne2
1012,Cpne4
1013,Cpne5
1014,Cpne6
1015,Cpne7
1016,Cpne8
1017,Cpne9
1018,Cpq
1019,Cpsf3
1020,Cpsf6
1021,Cpt1a
1022,Cpt1c
1023,Cr1l
1024,Crbn
1025,Creb1
1026,Creb3
1027,Crebbp
1028,Crebrf
1029,Crebzf
1030,Creg1
1031,Creld2
1032,Crem
1033,Crh
1034,Crhbp
1035,Crip1
1036,Crip2
1037,Cript
1038,Crispld2
1039,Crk
1040,Crmp1
1041,Crot
1042,Crtac1
1043,Crtap
1044,Cry2
1045,Cryab
1046,Crym
1047,Cryzl1
1048,Cs
1049,Csdc2
1050,Csde1
1051,Cse1l
1052,Csf1r
1053,Csgalnact1
1054,Csmd1
1055,Csmd3
1056,Csnk1a1
1057,Csnk1d
1058,Csnk1e
1059,Csnk1g3
1060,Csnk2b
1061,Cspg5
1062,Cspp1
1063,Csrnp3
1064,Csrp1
1065,Csrp2
1066,Cst3
1067,Cstb
1068,Cstf2t
1069,Cstf3
1070,Ctage5
1071,Ctbp1
1072,Ctdspl2
1073,Ctgf
1074,Cth
1075,Cthrc1
1076,Ctla2a
1077,Ctnna1
1078,Ctnna2
1079,Ctnnb1
1080,Ctnnd2
1081,Ctps
1082,Ctps2
1083,Ctsa
1084,Ctsb
1085,Ctsc
1086,Ctsd
1087,Ctsf
1088,Ctsh
1089,Ctsl
1090,Ctso
1091,Ctss
1092,Ctsz
1093,Cttn
1094,Cttnbp2
1095,Ctxn1
1096,Ctxn2
1097,Cuedc2
1098,Cul1
1099,Cul2
1100,Cul3
1101,Cul4a
1102,Cul5
1103,Cuta
1104,Cux1
1105,Cux2
1106,Cwc15
1107,Cx3cl1
1108,Cxadr
1109,Cxcl12
1110,Cxcl14
1111,Cxx1c
1112,Cxxc4
1113,Cyb561
1114,Cyb5a
1115,Cyb5b
1116,Cyb5r1
1117,Cyb5r3
1118,Cyba
1119,Cyc1
1120,Cycs
1121,Cyfip1
1122,Cyfip2
1123,Cygb
1124,Cyhr1
1125,Cyld
1126,Cyp26b1
1127,Cyp2d22
1128,Cyp2j6
1129,Cyp2j9
1130,Cyp46a1
1131,Cyp4f15
1132,Cyp51
1133,Cyp7b1
1134,Cyr61
1135,Cystm1
1136,Cyth1
1137,Cyth2
1138,D10Bwg1379e
1139,D15Ertd621e
1140,D3Ertd254e
1141,D430041D05Rik
1142,D8Ertd738e
1143,Daam1
1144,Daam2
1145,Dab1
1146,Dab2
1147,Dad1
1148,Dag1
1149,Dalrd3
1150,Dap3
1151,Dars
1152,Dazap2
1153,Dbi
1154,Dbn1
1155,Dbndd2
1156,Dbnl
1157,Dbx2
1158,Dcaf11
1159,Dcaf12l1
1160,Dcaf13
1161,Dcaf17
1162,Dcaf7
1163,Dcaf8
1164,Dcc
1165,Dclk1
1166,Dcn
1167,Dctn1
1168,Dctn2
1169,Dctn3
1170,Dctn5
1171,Dctn6
1172,Dcun1d4
1173,Dcun1d5
1174,Dda1
1175,Ddah1
1176,Ddb1
1177,Ddhd1
1178,Ddit3
1179,Ddit4l
1180,Ddost
1181,Ddrgk1
1182,Ddt
1183,Ddx1
1184,Ddx17
1185,Ddx24
1186,Ddx25
1187,Ddx26b
1188,Ddx39
1189,Ddx39b
1190,Ddx3x
1191,Ddx3y
1192,Ddx42
1193,Ddx46
1194,Ddx47
1195,Ddx5
1196,Ddx50
1197,Ddx6
1198,Deb1
1199,Decr1
1200,Degs1
1201,Degs2
1202,Dek
1203,Dennd4a
1204,Dennd5a
1205,Dennd5b
1206,Dennd6b
1207,Denr
1208,Deptor
1209,Derl1
1210,Derl2
1211,Desi1
1212,Dgat2
1213,Dgcr2
1214,Dgcr6
1215,Dgkb
1216,Dgkg
1217,Dgkh
1218,Dgkz
1219,Dhrs1
1220,Dhrs7
1221,Dhx15
1222,Dhx30
1223,Dhx36
1224,Diablo
1225,Dido1
1226,Dio2
1227,Dip2b
1228,Diras2
1229,Dirc2
1230,Disp2
1231,Dixdc1
1232,Dkk3
1233,Dkkl1
1234,Dlat
1235,Dld
1236,Dleu7
1237,Dlg1
1238,Dlg2
1239,Dlg3
1240,Dlgap1
1241,Dlgap4
1242,Dlst
1243,Dlx1
1244,Dlx1as
1245,Dlx6os1
1246,Dmd
1247,Dmtf1
1248,Dmtn
1249,Dmwd
1250,Dmxl1
1251,Dmxl2
1252,Dnaja1
1253,Dnaja2
1254,Dnaja3
1255,Dnaja4
1256,Dnajb1
1257,Dnajb11
1258,Dnajb14
1259,Dnajb2
1260,Dnajb4
1261,Dnajb5
1262,Dnajb9
1263,Dnajc1
1264,Dnajc10
1265,Dnajc15
1266,Dnajc19
1267,Dnajc21
1268,Dnajc27
1269,Dnajc3
1270,Dnajc5
1271,Dnajc6
1272,Dnajc7
1273,Dnajc8
1274,Dnajc9
1275,Dner
1276,Dnm1
1277,Dnm1l
1278,Dnm2
1279,Dnm3
1280,Dnpep
1281,Dnttip2
1282,Dock10
1283,Dock3
1284,Dock4
1285,Dock7
1286,Dock9
1287,Dok5
1288,Dopey1
1289,Dos
1290,Dpf2
1291,Dph3
1292,Dpm1
1293,Dpm2
1294,Dpp10
1295,Dpp6
1296,Dpp8
1297,Dpy19l1
1298,Dpy30
1299,Dpysl2
1300,Dr1
1301,Dram2
1302,Drap1
1303,Drg1
1304,Drg2
1305,Dscr3
1306,Dst
1307,Dstn
1308,Dtd1
1309,Dtl
1310,Dtna
1311,Dtnbp1
1312,Dtx3
1313,Dus3l
1314,Dusp1
1315,Dusp11
1316,Dusp14
1317,Dusp26
1318,Dusp3
1319,Dusp6
1320,Dvl1
1321,Dym
1322,Dync1h1
1323,Dync1i1
1324,Dync1i2
1325,Dync1li1
1326,Dync1li2
1327,Dync2h1
1328,Dynll1
1329,Dynll2
1330,Dynlrb1
1331,Dynlt3
1332,Dzank1
1333,Dzip3
1334,E2f6
1335,E530001K10Rik
1336,Eapp
1337,Ecd
1338,Ech1
1339,Echdc2
1340,Echs1
1341,Eci1
1342,Eci2
1343,Ecm1
1344,Ecsit
1345,Edf1
1346,Edil3
1347,Ednrb
1348,Eea1
1349,Eef1a1
1350,Eef1b2
1351,Eef1e1
1352,Eef2
1353,Eepd1
1354,Efcab14
1355,Efemp1
1356,Efemp2
1357,Efhd2
1358,Efr3a
1359,Efr3b
1360,Eftud2
1361,Egfem1
1362,Egfl7
1363,Egfr
1364,Egln3
1365,Egr1
1366,Egr3
1367,Egr4
1368,Ehd3
1369,Eid1
1370,Eif1
1371,Eif1a
1372,Eif1ax
1373,Eif1b
1374,Eif2ak1
1375,Eif2b1
1376,Eif2s1
1377,Eif2s2
1378,Eif2s3y
1379,Eif3a
1380,Eif3b
1381,Eif3c
1382,Eif3d
1383,Eif3e
1384,Eif3f
1385,Eif3g
1386,Eif3h
1387,Eif3i
1388,Eif3k
1389,Eif3l
1390,Eif3m
1391,Eif4a1
1392,Eif4a2
1393,Eif4a3
1394,Eif4b
1395,Eif4e
1396,Eif4g1
1397,Eif4g2
1398,Eif4g3
1399,Eif4h
1400,Eif5
1401,Eif5a
1402,Eif5b
1403,Eif6
1404,Elavl1
1405,Elavl2
1406,Elavl4
1407,Elmo1
1408,Elmo2
1409,Elmod1
1410,Elof1
1411,Elovl1
1412,Elovl4
1413,Elovl5
1414,Elovl7
1415,Elp2
1416,Elp3
1417,Elp5
1418,Eltd1
1419,Emb
1420,Emc1
1421,Emc10
1422,Emc2
1423,Emc3
1424,Emc4
1425,Emc6
1426,Emc7
1427,Emc8
1428,Emcn
1429,Emd
1430,Eml1
1431,Eml5
1432,Emp2
1433,Emp3
1434,Enah
1435,Enc1
1436,Endod1
1437,Eng
1438,Enho
1439,Eno1
1440,Eno2
1441,Enoph1
1442,Enpp2
1443,Enpp5
1444,Ensa
1445,Entpd1
1446,Entpd2
1447,Entpd6
1448,Eny2
1449,Eogt
1450,Ep400
1451,Epas1
1452,Epb4.1l1
1453,Epb4.1l2
1454,Epb4.1l3
1455,Epdr1
1456,Epha4
1457,Epha5
1458,Epha7
1459,Ephb6
1460,Ephx1
1461,Ephx2
1462,Ephx4
1463,Epm2aip1
1464,Epn2
1465,Eprs
1466,Eps15
1467,Eps8
1468,Erbb2ip
1469,Erbb4
1470,Erc1
1471,Erc2
1472,Erg
1473,Ergic1
1474,Ergic2
1475,Ergic3
1476,Eri3
1477,Ermn
1478,Erp29
1479,Erp44
1480,Errfi1
1481,Esam
1482,Esco1
1483,Esd
1484,Esf1
1485,Esyt2
1486,Etf1
1487,Etfa
1488,Etfb
1489,Etfdh
1490,Etl4
1491,Etnk1
1492,Etnppl
1493,Etv1
1494,Etv5
1495,Etv6
1496,Eva1a
1497,Evi2a
1498,Evi5
1499,Ewsr1
1500,Exd2
1501,Exoc3
1502,Exoc5
1503,Exoc6b
1504,Exoc7
1505,Exosc10
1506,Exosc7
1507,Exosc9
1508,Extl2
1509,Extl3
1510,Eya1
1511,Ezh1
1512,Ezr
1513,F11r
1514,F3
1515,Faah
1516,Fabp3
1517,Fabp5
1518,Fabp7
1519,Fads1
1520,Fads2
1521,Faf1
1522,Faf2
1523,Faim
1524,Faim2
1525,Fam103a1
1526,Fam105a
1527,Fam107a
1528,Fam114a2
1529,Fam118a
1530,Fam120a
1531,Fam120b
1532,Fam126b
1533,Fam131a
1534,Fam134a
1535,Fam134b
1536,Fam135b
1537,Fam136a
1538,Fam13b
1539,Fam13c
1540,Fam160a2
1541,Fam162a
1542,Fam163b
1543,Fam168a
1544,Fam168b
1545,Fam171b
1546,Fam173a
1547,Fam174a
1548,Fam178a
1549,Fam179b
1550,Fam181b
1551,Fam184a
1552,Fam188a
1553,Fam192a
1554,Fam195b
1555,Fam19a1
1556,Fam19a2
1557,Fam19a5
1558,Fam208a
1559,Fam20a
1560,Fam21
1561,Fam210a
1562,Fam212b
1563,Fam213a
1564,Fam213b
1565,Fam216a
1566,Fam228b
1567,Fam32a
1568,Fam3c
1569,Fam45a
1570,Fam46a
1571,Fam49a
1572,Fam49b
1573,Fam50a
1574,Fam58b
1575,Fam63a
1576,Fam63b
1577,Fam69a
1578,Fam69b
1579,Fam73a
1580,Fam76a
1581,Fam76b
1582,Fam81a
1583,Fam84b
1584,Fam92a
1585,Fam96a
1586,Far1
1587,Far2
1588,Farp1
1589,Farsa
1590,Farsb
1591,Fasn
1592,Fastkd2
1593,Fat3
1594,Fau
1595,Fbxl16
1596,Fbxl17
1597,Fbxl2
1598,Fbxl3
1599,Fbxl5
1600,Fbxo11
1601,Fbxo18
1602,Fbxo21
1603,Fbxo22
1604,Fbxo25
1605,Fbxo3
1606,Fbxo33
1607,Fbxo34
1608,Fbxo44
1609,Fbxo7
1610,Fbxo8
1611,Fbxo9
1612,Fbxw11
1613,Fbxw2
1614,Fbxw5
1615,Fbxw7
1616,Fcer1g
1617,Fcgr3
1618,Fcgrt
1619,Fcho2
1620,Fcrls
1621,Fdft1
1622,Fdps
1623,Fech
1624,Fem1b
1625,Fer
1626,Fermt2
1627,Fez1
1628,Fez2
1629,Fezf2
1630,Fgd4
1631,Fgf1
1632,Fgf12
1633,Fgf13
1634,Fgf9
1635,Fgfr1op
1636,Fgfr1op2
1637,Fgfr2
1638,Fgfr3
1639,Fh1
1640,Fhl1
1641,Fhl2
1642,Fibp
1643,Filip1l
1644,Fip1l1
1645,Firre
1646,Fis1
1647,Fjx1
1648,Fkbp1a
1649,Fkbp1b
1650,Fkbp2
1651,Fkbp3
1652,Fkbp4
1653,Fkbp8
1654,Fkbp9
1655,Fktn
1656,Flcn
1657,Flna
1658,Flot1
1659,Flrt2
1660,Flrt3
1661,Flt1
1662,Flywch1
1663,Fmnl1
1664,Fmo1
1665,Fmr1
1666,Fn1
1667,Fnbp1
1668,Fnbp1l
1669,Fnbp4
1670,Fndc3a
1671,Fndc4
1672,Fndc5
1673,Fnip1
1674,Fnta
1675,Folh1
1676,Fopnl
1677,Fos
1678,Fosl2
1679,Foxc1
1680,Foxg1
1681,Foxn3
1682,Foxo1
1683,Foxp1
1684,Foxp2
1685,Fpgt
1686,Frg1
1687,Frmd4a
1688,Frmpd4
1689,Frrs1l
1690,Fry
1691,Fsd1l
1692,Fstl4
1693,Fstl5
1694,Fth1
1695,Ftl1
1696,Fto
1697,Ftx
1698,Fubp1
1699,Fuca1
1700,Fuca2
1701,Fundc1
1702,Fundc2
1703,Fut8
1704,Fut9
1705,Fxr1
1706,Fxyd1
1707,Fxyd5
1708,Fxyd6
1709,Fxyd7
1710,Fyco1
1711,Fyn
1712,Fyttd1
1713,Fzd3
1714,Fzr1
1715,G0s2
1716,G3bp1
1717,G3bp2
1718,G6pdx
1719,Gaa
1720,Gabarap
1721,Gabarapl1
1722,Gabarapl2
1723,Gabbr1
1724,Gabra1
1725,Gabra2
1726,Gabra3
1727,Gabra4
1728,Gabra5
1729,Gabrb1
1730,Gabrb2
1731,Gabrb3
1732,Gabrd
1733,Gabrg1
1734,Gabrg2
1735,Gabrg3
1736,Gad1
1737,Gad2
1738,Gadd45a
1739,Gadd45b
1740,Gadd45g
1741,Galnt1
1742,Galnt11
1743,Galnt14
1744,Galnt9
1745,Galt
1746,Gamt
1747,Ganab
1748,Gap43
1749,Gapdh
1750,Gapvd1
1751,Garnl3
1752,Gars
1753,Gas5
1754,Gas6
1755,Gas7
1756,Gatm
1757,Gba
1758,Gba2
1759,Gbas
1760,Gca
1761,Gcc2
1762,Gcsh
1763,Gda
1764,Gdap1
1765,Gdap1l1
1766,Gdap2
1767,Gde1
1768,Gdi1
1769,Gdi2
1770,Gdpd1
1771,Gdpd2
1772,Gemin7
1773,Gfpt2
1774,Gfra2
1775,Gfra4
1776,Ggh
1777,Ggnbp2
1778,Ggps1
1779,Ggt7
1780,Ghitm
1781,Gimap6
1782,Ginm1
1783,Gja1
1784,Gja4
1785,Gjb6
1786,Gjc1
1787,Gjc3
1788,Glg1
1789,Glmp
1790,Glo1
1791,Glod4
1792,Glra2
1793,Glra3
1794,Glrb
1795,Glrx
1796,Glrx2
1797,Glrx3
1798,Glrx5
1799,Gls
1800,Glt8d1
1801,Gltp
1802,Gltscr2
1803,Glud1
1804,Glul
1805,Glyr1
1806,Gm10419
1807,Gm11223
1808,Gm11549
1809,Gm13325
1810,Gm13889
1811,Gm14204
1812,Gm15800
1813,Gm17750
1814,Gm1821
1815,Gm20071
1816,Gm26871
1817,Gm31001
1818,Gm31322
1819,Gm32337
1820,Gm33298
1821,Gm33989
1822,Gm34583
1823,Gm34690
1824,Gm3764
1825,Gmfb
1826,Gmpr
1827,Gmpr2
1828,Gmps
1829,Gna11
1830,Gna13
1831,Gnai1
1832,Gnai2
1833,Gnai3
1834,Gnal
1835,Gnao1
1836,Gnaq
1837,Gnas
1838,Gnb1
1839,Gnb2
1840,Gnb2l1
1841,Gnb4
1842,Gnb5
1843,Gng10
1844,Gng11
1845,Gng12
1846,Gng2
1847,Gng3
1848,Gng4
1849,Gng5
1850,Gng7
1851,Gnl1
1852,Gnl2
1853,Gnl3
1854,Gnl3l
1855,Gnpat
1856,Gnpda2
1857,Gnptg
1858,Gns
1859,Golga1
1860,Golga4
1861,Golga7
1862,Golgb1
1863,Golph3
1864,Gorasp2
1865,Gosr2
1866,Got1
1867,Got2
1868,Gpaa1
1869,Gpam
1870,Gpatch8
1871,Gpbp1
1872,Gpc3
1873,Gpc5
1874,Gpcpd1
1875,Gpd1
1876,Gpd2
1877,Gphn
1878,Gpi1
1879,Gpm6a
1880,Gpm6b
1881,Gpn1
1882,Gpr116
1883,Gpr123
1884,Gpr146
1885,Gpr155
1886,Gpr158
1887,Gpr19
1888,Gpr22
1889,Gpr37
1890,Gpr37l1
1891,Gpr4
1892,Gpr56
1893,Gpr83
1894,Gpr88
1895,Gprasp1
1896,Gprasp2
1897,Gps1
1898,Gpt
1899,Gpt2
1900,Gpx1
1901,Gpx3
1902,Gpx4
1903,Gpx8
1904,Gramd1a
1905,Gramd3
1906,Grap
1907,Grb14
1908,Grcc10
1909,Gria1
1910,Gria2
1911,Gria3
1912,Gria4
1913,Grik1
1914,Grik2
1915,Grin1
1916,Grin2b
1917,Grin2c
1918,Grin3a
1919,Grina
1920,Grm1
1921,Grm3
1922,Grm5
1923,Grm7
1924,Grm8
1925,Grn
1926,Grp
1927,Grpel1
1928,Grpr
1929,Grsf1
1930,Gsap
1931,Gsk3b
1932,Gsn
1933,Gspt1
1934,Gss
1935,Gsta4
1936,Gstk1
1937,Gstm1
1938,Gstm5
1939,Gstm7
1940,Gsto1
1941,Gstp1
1942,Gt(ROSA)26Sor
1943,Gtdc1
1944,Gtf2a2
1945,Gtf2b
1946,Gtf2f1
1947,Gtf2h2
1948,Gtf2h5
1949,Gtf2i
1950,Gtf3c2
1951,Gtpbp4
1952,Gucy1a2
1953,Gucy1a3
1954,Gucy1b3
1955,Guf1
1956,Guk1
1957,Gyg
1958,Gyk
1959,H13
1960,H1f0
1961,H2-D1
1962,H2-K1
1963,H2-T23
1964,H2afj
1965,H2afv
1966,H2afy
1967,H2afz
1968,H3f3a
1969,H3f3b
1970,Habp4
1971,Hadh
1972,Hadhb
1973,Hagh
1974,Haghl
1975,Hapln1
1976,Hapln4
1977,Hars
1978,Hat1
1979,Hbp1
1980,Hccs
1981,Hcfc1r1
1982,Hcfc2
1983,Hcn1
1984,Hdac2
1985,Hdac3
1986,Hdac9
1987,Hdgf
1988,Hdgfrp3
1989,Hdhd2
1990,Hectd1
1991,Hecw1
1992,Hepacam
1993,Herc1
1994,Herc2
1995,Herc3
1996,Herc4
1997,Herpud1
1998,Herpud2
1999,Hes1
2000,Hes5
2001,Hexa
2002,Hexb
2003,Hgs
2004,Hgsnat
2005,Hiat1
2006,Hiatl1
2007,Hibadh
2008,Hid1
2009,Hif1a
2010,Higd1a
2011,Higd1b
2012,Higd2a
2013,Hint1
2014,Hip1
2015,Hipk1
2016,Hipk3
2017,Hist1h2bc
2018,Hivep2
2019,Hivep3
2020,Hjurp
2021,Hk1
2022,Hlf
2023,Hmg20a
2024,Hmgb1
2025,Hmgcl
2026,Hmgcll1
2027,Hmgcr
2028,Hmgcs1
2029,Hmgcs2
2030,Hmgn1
2031,Hmgn3
2032,Hmox2
2033,Hn1
2034,Hnmt
2035,Hnrnpa2b1
2036,Hnrnpab
2037,Hnrnpc
2038,Hnrnpd
2039,Hnrnpdl
2040,Hnrnph1
2041,Hnrnph2
2042,Hnrnpk
2043,Hnrnpll
2044,Hnrnpm
2045,Hnrnpr
2046,Hnrnpu
2047,Hnrnpul2
2048,Homer1
2049,Homer2
2050,Hook1
2051,Hook3
2052,Hopx
2053,Hp1bp3
2054,Hpca
2055,Hpcal1
2056,Hpcal4
2057,Hpgd
2058,Hprt
2059,Hras
2060,Hrasls
2061,Hrsp12
2062,Hs3st1
2063,Hs3st2
2064,Hs6st2
2065,Hsbp1
2066,Hsd11b1
2067,Hsd17b10
2068,Hsd17b12
2069,Hsd17b4
2070,Hsd3b7
2071,Hsdl2
2072,Hsp90aa1
2073,Hsp90ab1
2074,Hsp90b1
2075,Hspa12a
2076,Hspa13
2077,Hspa14
2078,Hspa2
2079,Hspa4
2080,Hspa4l
2081,Hspa5
2082,Hspa8
2083,Hspa9
2084,Hspb1
2085,Hspbp1
2086,Hspd1
2087,Hspe1
2088,Hsph1
2089,Htatsf1
2090,Htr2a
2091,Htr2c
2092,Htr3a
2093,Htr4
2094,Htra1
2095,Huwe1
2096,Hypk
2097,Iars
2098,Ica1
2099,Icam2
2100,Ice1
2101,Ict1
2102,Id1
2103,Id2
2104,Id3
2105,Id4
2106,Ide
2107,Idh1
2108,Idh2
2109,Idh3a
2110,Idh3b
2111,Idh3g
2112,Ids
2113,Ier2
2114,Ier3
2115,Ier3ip1
2116,Ier5
2117,Ifi27
2118,Ifi35
2119,Ifit2
2120,Ifitm10
2121,Ifitm2
2122,Ifitm3
2123,Ifnar2
2124,Ifngr1
2125,Ifrd1
2126,Ift20
2127,Ift22
2128,Ift27
2129,Ift46
2130,Ift57
2131,Ift81
2132,Igf1
2133,Igf2
2134,Igfbp2
2135,Igfbp3
2136,Igfbp4
2137,Igfbp5
2138,Igfbp6
2139,Igfbp7
2140,Ighm
2141,Igsf21
2142,Igsf8
2143,Ik
2144,Ikbkb
2145,Il10rb
2146,Il11ra1
2147,Il13ra1
2148,Il18
2149,Il1rap
2150,Il1rapl1
2151,Il33
2152,Il34
2153,Ildr2
2154,Ilf2
2155,Ilk
2156,Ilkap
2157,Immt
2158,Imp3
2159,Impa1
2160,Impact
2161,Impad1
2162,Ina
2163,Ing4
2164,Inpp1
2165,Inpp4b
2166,Inpp5f
2167,Inpp5k
2168,Insig2
2169,Insr
2170,Ints10
2171,Ip6k1
2172,Ipcef1
2173,Ipo5
2174,Ipo7
2175,Ipo9
2176,Iqcb1
2177,Iqgap1
2178,Iqgap2
2179,Iqsec3
2180,Irak1
2181,Irak2
2182,Ireb2
2183,Irgm1
2184,Isca1
2185,Isca2
2186,Iscu
2187,Ist1
2188,Isyna1
2189,Itch
2190,Itfg1
2191,Itga1
2192,Itga6
2193,Itgav
2194,Itgb1
2195,Itgb5
2196,Itih3
2197,Itih5
2198,Itm2a
2199,Itm2b
2200,Itm2c
2201,Itpka
2202,Itpr1
2203,Itpr2
2204,Itsn1
2205,Itsn2
2206,Ivd
2207,Ivns1abp
2208,Jagn1
2209,Jak1
2210,Jak2
2211,Jakmip2
2212,Jam2
2213,Jam3
2214,Jdp2
2215,Jkamp
2216,Jmjd1c
2217,Josd2
2218,Jtb
2219,Jun
2220,Junb
2221,Jund
2222,Kalrn
2223,Kank3
2224,Kantr
2225,Kat7
2226,Kbtbd2
2227,Kbtbd4
2228,Kcmf1
2229,Kcna1
2230,Kcna2
2231,Kcnab1
2232,Kcnab3
2233,Kcnb1
2234,Kcnc1
2235,Kcnc2
2236,Kcnd2
2237,Kcnf1
2238,Kcnh1
2239,Kcnh3
2240,Kcnh7
2241,Kcnip1
2242,Kcnip2
2243,Kcnip3
2244,Kcnip4
2245,Kcnj10
2246,Kcnj16
2247,Kcnj3
2248,Kcnj9
2249,Kcnk1
2250,Kcnk2
2251,Kcnma1
2252,Kcnn2
2253,Kcnq1ot1
2254,Kcnq2
2255,Kcns3
2256,Kcnt2
2257,Kcnv1
2258,Kctd12
2259,Kctd13
2260,Kctd17
2261,Kctd2
2262,Kctd20
2263,Kctd4
2264,Kctd6
2265,Kdelc1
2266,Kdm1a
2267,Kdm3a
2268,Kdm4c
2269,Kdm5a
2270,Kdm7a
2271,Kdr
2272,Khdrbs1
2273,Khdrbs3
2274,Kidins220
2275,Kif1a
2276,Kif1b
2277,Kif21a
2278,Kif3a
2279,Kif5a
2280,Kif5b
2281,Kif5c
2282,Kifap3
2283,Kifc2
2284,Kirrel3
2285,Kit
2286,Kitl
2287,Klc1
2288,Klf10
2289,Klf12
2290,Klf15
2291,Klf2
2292,Klf3
2293,Klf6
2294,Klf7
2295,Klf9
2296,Klhdc2
2297,Klhdc3
2298,Klhl13
2299,Klhl2
2300,Klhl22
2301,Klhl23
2302,Klhl24
2303,Klhl5
2304,Klhl7
2305,Klhl9
2306,Kmt2a
2307,Kmt2c
2308,Kmt2e
2309,Kpna1
2310,Kpna3
2311,Kras
2312,Krcc1
2313,Krit1
2314,Krtcap2
2315,Ktn1
2316,LOC101056001
2317,LOC102631912
2318,LOC102632463
2319,LOC102634481
2320,LOC105242387
2321,LOC105242619
2322,LOC105243425
2323,LOC105243542
2324,LOC105243585
2325,LOC105243853
2326,LOC105244000
2327,LOC105244249
2328,LOC105245375
2329,LOC105245838
2330,LOC105246327
2331,LOC105246694
2332,LOC330143
2333,Lama4
2334,Lamb2
2335,Lamp1
2336,Lamp2
2337,Lamp5
2338,Lamtor1
2339,Lamtor2
2340,Lamtor3
2341,Lamtor5
2342,Lancl1
2343,Lancl2
2344,Lap3
2345,Laptm4a
2346,Laptm4b
2347,Laptm5
2348,Large
2349,Larp4b
2350,Lars
2351,Lars2
2352,Lasp1
2353,Lcat
2354,Lcmt1
2355,Ldb2
2356,Ldha
2357,Ldhb
2358,Leng8
2359,Leprot
2360,Leprotl1
2361,Letm1
2362,Lgals1
2363,Lgals3bp
2364,Lgals8
2365,Lgals9
2366,Lgi1
2367,Lgi2
2368,Lgi3
2369,Lgmn
2370,Lgr5
2371,Lhfp
2372,Lhx2
2373,Lhx6
2374,Lias
2375,Lifr
2376,Limch1
2377,Limd2
2378,Limk2
2379,Lims1
2380,Lims2
2381,Lin7a
2382,Lin7b
2383,Lin7c
2384,Lingo1
2385,Lipa
2386,Litaf
2387,Lix1
2388,Lman2
2389,Lmbrd1
2390,Lmbrd2
2391,Lmo1
2392,Lmo2
2393,Lmo3
2394,Lmo4
2395,Lmtk2
2396,Lnp
2397,Lonp2
2398,Lonrf2
2399,Lpar1
2400,Lpar6
2401,Lpcat3
2402,Lpcat4
2403,Lpgat1
2404,Lphn1
2405,Lphn2
2406,Lphn3
2407,Lpin2
2408,Lpl
2409,Lpp
2410,Lppr3
2411,Lppr4
2412,Lppr5
2413,Lrch3
2414,Lrfn5
2415,Lrp1
2416,Lrp11
2417,Lrp1b
2418,Lrp8
2419,Lrpap1
2420,Lrrc3b
2421,Lrrc4c
2422,Lrrc57
2423,Lrrc58
2424,Lrrc59
2425,Lrrc8b
2426,Lrrc8c
2427,Lrrcc1
2428,Lrrfip1
2429,Lrrk2
2430,Lrrn1
2431,Lrrn3
2432,Lrrtm1
2433,Lrrtm2
2434,Lrrtm3
2435,Lrrtm4
2436,Lsamp
2437,Lsm1
2438,Lsm3
2439,Lsm6
2440,Lsm8
2441,Lsp1
2442,Lsr
2443,Lta4h
2444,Ltbp4
2445,Ltn1
2446,Luc7l
2447,Luc7l2
2448,Luc7l3
2449,Lurap1l
2450,Luzp1
2451,Luzp2
2452,Lxn
2453,Ly6a
2454,Ly6c1
2455,Ly6e
2456,Ly6g6e
2457,Ly6h
2458,Ly86
2459,Lynx1
2460,Lypd1
2461,Lypd6
2462,Lypd6b
2463,Lypla1
2464,Lypla2
2465,Lyrm2
2466,Lyrm5
2467,Lysmd2
2468,Lztfl1
2469,Lztr1
2470,Lzts3
2471,M6pr
2472,Macf1
2473,Madd
2474,Maea
2475,Maf
2476,Maf1
2477,Mafb
2478,Mag
2479,Maged1
2480,Maged2
2481,Magee1
2482,Magef1
2483,Mageh1
2484,Magi1
2485,Magi2
2486,Magi3
2487,Magt1
2488,Mal
2489,Mal2
2490,Malat1
2491,Man1a2
2492,Man2a2
2493,Man2b1
2494,Manea
2495,Manf
2496,Maoa
2497,Maob
2498,Map1a
2499,Map1b
2500,Map1lc3a
2501,Map1lc3b
2502,Map2
2503,Map2k1
2504,Map2k2
2505,Map2k4
2506,Map4
2507,Map4k3
2508,Map7d2
2509,Map9
2510,Mapk1
2511,Mapk10
2512,Mapk11
2513,Mapk14
2514,Mapk3
2515,Mapk4
2516,Mapk6
2517,Mapk8
2518,Mapk8ip3
2519,Mapk9
2520,Mapre1
2521,Mapre2
2522,Mapre3
2523,Mapt
2524,Marc2
2525,March2
2526,March5
2527,March7
2528,Marcks
2529,Marcksl1
2530,Mark3
2531,Mars
2532,Mas1
2533,Mast3
2534,Mast4
2535,Mat2a
2536,Mat2b
2537,Matk
2538,Matr3
2539,Mau2
2540,Mblac2
2541,Mbnl1
2542,Mbnl2
2543,Mboat2
2544,Mbp
2545,Mcam
2546,Mcee
2547,Mcfd2
2548,Mcl1
2549,Mcoln1
2550,Mcts1
2551,Mcur1
2552,Mdh1
2553,Mdh2
2554,Mdm2
2555,Mdm4
2556,Mdn1
2557,Mdp1
2558,Me3
2559,Mea1
2560,Meaf6
2561,Mecp2
2562,Med10
2563,Med13
2564,Med14
2565,Med21
2566,Med28
2567,Med7
2568,Medag
2569,Mef2a
2570,Mef2c
2571,Meg3
2572,Megf10
2573,Meis2
2574,Mertk
2575,Mesdc2
2576,Mest
2577,Metap1d
2578,Metap2
2579,Mettl10
2580,Mettl23
2581,Mettl9
2582,Mfap3
2583,Mff
2584,Mfge8
2585,Mfn1
2586,Mfn2
2587,Mfsd1
2588,Mfsd11
2589,Mfsd2a
2590,Mfsd5
2591,Mfsd6
2592,Mga
2593,Mgat2
2594,Mgat4c
2595,Mgea5
2596,Mgll
2597,Mgp
2598,Mgrn1
2599,Mgst1
2600,Mgst3
2601,Mia
2602,Mia3
2603,Miat
2604,Mib1
2605,Mical2
2606,Micu1
2607,Mid1ip1
2608,Mien1
2609,Mif
2610,Mif4gd
2611,Miip
2612,Minos1
2613,Minpp1
2614,Mir22hg
2615,Mir99ahg
2616,Mkks
2617,Mkl2
2618,Mkln1
2619,Mkrn1
2620,Mlc1
2621,Mlf2
2622,Mlip
2623,Mllt11
2624,Mllt4
2625,Mlx
2626,Mmadhc
2627,Mmd
2628,Mmd2
2629,Mme
2630,Mmgt1
2631,Mmp17
2632,Mob2
2633,Mob4
2634,Mobp
2635,Mocs2
2636,Mog
2637,Morc3
2638,Morf4l1
2639,Morf4l2
2640,Mospd1
2641,Moxd1
2642,Mpc1
2643,Mpc2
2644,Mpdu1
2645,Mpdz
2646,Mphosph8
2647,Mpi
2648,Mpnd
2649,Mpp1
2650,Mpp6
2651,Mpped1
2652,Mpped2
2653,Mprip
2654,Mpv17
2655,Mpv17l
2656,Mpzl1
2657,Mras
2658,Mrfap1
2659,Mrpl10
2660,Mrpl11
2661,Mrpl13
2662,Mrpl15
2663,Mrpl17
2664,Mrpl18
2665,Mrpl20
2666,Mrpl27
2667,Mrpl28
2668,Mrpl3
2669,Mrpl30
2670,Mrpl32
2671,Mrpl33
2672,Mrpl35
2673,Mrpl36
2674,Mrpl37
2675,Mrpl39
2676,Mrpl4
2677,Mrpl40
2678,Mrpl41
2679,Mrpl42
2680,Mrpl43
2681,Mrpl45
2682,Mrpl46
2683,Mrpl48
2684,Mrpl49
2685,Mrpl50
2686,Mrpl51
2687,Mrpl55
2688,Mrpl9
2689,Mrps12
2690,Mrps14
2691,Mrps17
2692,Mrps18a
2693,Mrps18c
2694,Mrps23
2695,Mrps25
2696,Mrps26
2697,Mrps6
2698,Mrps7
2699,Msantd4
2700,Msl1
2701,Msmo1
2702,Msn
2703,Msra
2704,Mt1
2705,Mt2
2706,Mt3
2707,Mtch1
2708,Mtch2
2709,Mtdh
2710,Mterf3
2711,Mtf2
2712,Mtfp1
2713,Mtfr1l
2714,Mtmr6
2715,Mtmr7
2716,Mtpap
2717,Mtpn
2718,Mtus1
2719,Mtx2
2720,Mustn1
2721,Mut
2722,Mxd4
2723,Mxi1
2724,Mxra7
2725,Myadm
2726,Mybpc1
2727,Mycbp2
2728,Mydgf
2729,Myeov2
2730,Myh10
2731,Myl12a
2732,Myl12b
2733,Myl4
2734,Myl6
2735,Myl9
2736,Mylk
2737,Mynn
2738,Myo10
2739,Myo1b
2740,Myo5a
2741,Myo6
2742,Myo9a
2743,Mysm1
2744,Myt1l
2745,Mzt1
2746,N28178
2747,N4bp2l1
2748,N4bp2l2
2749,N6amt2
2750,ND1
2751,ND2
2752,ND4
2753,ND5
2754,ND6
2755,Naa20
2756,Naa25
2757,Naa35
2758,Naa50
2759,Naa60
2760,Naaa
2761,Nab1
2762,Nabp2
2763,Naca
2764,Nacc2
2765,Nadk
2766,Nadk2
2767,Nae1
2768,Nalcn
2769,Nampt
2770,Nap1l1
2771,Nap1l2
2772,Nap1l3
2773,Nap1l4
2774,Nap1l5
2775,Napa
2776,Napb
2777,Napg
2778,Nars
2779,Nat14
2780,Nav1
2781,Nav3
2782,Nbea
2783,Nbeal1
2784,Nbl1
2785,Nbr1
2786,Ncald
2787,Ncam1
2788,Ncam2
2789,Ncan
2790,Ncaph2
2791,Ncbp2
2792,Ncdn
2793,Nceh1
2794,Nck1
2795,Nckap1
2796,Nckipsd
2797,Ncl
2798,Ncoa1
2799,Ncoa7
2800,Ncor1
2801,Ncstn
2802,Nde1
2803,Ndel1
2804,Ndfip1
2805,Ndfip2
2806,Ndn
2807,Ndnf
2808,Ndp
2809,Ndrg1
2810,Ndrg2
2811,Ndrg3
2812,Ndrg4
2813,Ndufa1
2814,Ndufa10
2815,Ndufa11
2816,Ndufa12
2817,Ndufa13
2818,Ndufa2
2819,Ndufa3
2820,Ndufa4
2821,Ndufa5
2822,Ndufa6
2823,Ndufa7
2824,Ndufa8
2825,Ndufa9
2826,Ndufab1
2827,Ndufaf1
2828,Ndufaf3
2829,Ndufaf4
2830,Ndufaf5
2831,Ndufaf7
2832,Ndufb10
2833,Ndufb11
2834,Ndufb2
2835,Ndufb3
2836,Ndufb5
2837,Ndufb6
2838,Ndufb7
2839,Ndufb8
2840,Ndufb9
2841,Ndufc1
2842,Ndufc2
2843,Ndufs1
2844,Ndufs2
2845,Ndufs3
2846,Ndufs4
2847,Ndufs5
2848,Ndufs6
2849,Ndufs7
2850,Ndufs8
2851,Ndufv1
2852,Ndufv2
2853,Ndufv3
2854,Neat1
2855,Nebl
2856,Necab1
2857,Necab2
2858,Necab3
2859,Necap1
2860,Necap2
2861,Nedd4
2862,Nedd8
2863,Nefl
2864,Nefm
2865,Negr1
2866,Nek1
2867,Nek7
2868,Nelfb
2869,Nell1
2870,Nell2
2871,Nemf
2872,Nenf
2873,Neto1
2874,Neto2
2875,Neu1
2876,Neurod6
2877,Nfasc
2878,Nfat5
2879,Nfe2l2
2880,Nfia
2881,Nfib
2882,Nfix
2883,Nfkbia
2884,Nfs1
2885,Nfu1
2886,Nfx1
2887,Ngef
2888,Ngfrap1
2889,Ngly1
2890,Ngrn
2891,Nhp2l1
2892,Nicn1
2893,Nifk
2894,Ninj1
2895,Nipbl
2896,Nipsnap1
2897,Nipsnap3b
2898,Nisch
2899,Nkain4
2900,Nkd1
2901,Nkiras1
2902,Nkrf
2903,Nktr
2904,Nlgn1
2905,Nlgn2
2906,Nlgn3
2907,Nlk
2908,Nmd3
2909,Nme1
2910,Nme2
2911,Nmnat2
2912,Nmt1
2913,Nmt2
2914,Nnat
2915,Nol4
2916,Nol7
2917,Nono
2918,Nop10
2919,Nop56
2920,Nop58
2921,Nos1
2922,Nostrin
2923,Nov
2924,Nova1
2925,Npas1
2926,Npas3
2927,Npc1
2928,Npc2
2929,Npdc1
2930,Npepps
2931,Npm1
2932,Npnt
2933,Nppc
2934,Nprl2
2935,Npsr1
2936,Nptn
2937,Nptx1
2938,Nptx2
2939,Npy
2940,Npy1r
2941,Npy2r
2942,Nr1d1
2943,Nr1d2
2944,Nr2e1
2945,Nr2f1
2946,Nr2f2
2947,Nr3c1
2948,Nr4a1
2949,Nr4a2
2950,Nrarp
2951,Nrbp1
2952,Nrbp2
2953,Nrcam
2954,Nrd1
2955,Nrep
2956,Nrgn
2957,Nrip1
2958,Nrip3
2959,Nrn1
2960,Nrp1
2961,Nrsn1
2962,Nrsn2
2963,Nrxn1
2964,Nrxn3
2965,Nsd1
2966,Nsdhl
2967,Nsf
2968,Nsfl1c
2969,Nsg1
2970,Nsg2
2971,Nsmaf
2972,Nsmce1
2973,Nsmce2
2974,Nsmce4a
2975,Nsmf
2976,Nsun2
2977,Nt5c2
2978,Nt5c3
2979,Nt5c3b
2980,Nt5m
2981,Ntan1
2982,Ntm
2983,Ntrk2
2984,Ntrk3
2985,Ntsr2
2986,Nub1
2987,Nubp2
2988,Nucb1
2989,Nucks1
2990,Nudc
2991,Nudcd3
2992,Nudt16l1
2993,Nudt19
2994,Nudt3
2995,Nudt4
2996,Nudt9
2997,Nufip2
2998,Nup85
2999,Nup88
3000,Nupr1
3001,Nus1
3002,Nvl
3003,Nwd1
3004,Nxf1
3005,Nxph1
3006,Nxph2
3007,Nxph3
3008,Nxph4
3009,Nxt2
3010,Nyap2
3011,Oaf
3012,Oat
3013,Oaz1
3014,Oaz2
3015,Ociad1
3016,Ociad2
3017,Ocln
3018,Ocrl
3019,Ogdh
3020,Ogfrl1
3021,Ogn
3022,Ogt
3023,Ola1
3024,Olfm1
3025,Olfm2
3026,Olfm3
3027,Olfml1
3028,Olfml3
3029,Olig1
3030,Omg
3031,Opa1
3032,Opcml
3033,Ophn1
3034,Oprk1
3035,Oprm1
3036,Orc3
3037,Orc4
3038,Orc5
3039,Os9
3040,Osbpl1a
3041,Osbpl2
3042,Osbpl3
3043,Osbpl8
3044,Osbpl9
3045,Osgep
3046,Osr1
3047,Ost4
3048,Ostc
3049,Ostf1
3050,Ostm1
3051,Ostn
3052,Otof
3053,Otub1
3054,Otub2
3055,Otud4
3056,Otud6b
3057,Oxct1
3058,Oxr1
3059,Oxtr
3060,P2ry12
3061,P4ha1
3062,P4hb
3063,P4htm
3064,Pabpn1
3065,Pacsin1
3066,Pacsin2
3067,Paf1
3068,Pafah1b1
3069,Pafah1b2
3070,Paics
3071,Paip2
3072,Pak1
3073,Pak1ip1
3074,Pak3
3075,Palm
3076,Palmd
3077,Pam
3078,Pamr1
3079,Pantr1
3080,Papola
3081,Papss1
3082,Paqr5
3083,Paqr7
3084,Paqr8
3085,Park7
3086,Parl
3087,Parm1
3088,Parp2
3089,Parp6
3090,Parp8
3091,Parva
3092,Pax6
3093,Paxbp1
3094,Pbrm1
3095,Pbx1
3096,Pbxip1
3097,Pcbp1
3098,Pcbp2
3099,Pcbp3
3100,Pcbp4
3101,Pcca
3102,Pcdh10
3103,Pcdh11x
3104,Pcdh15
3105,Pcdh17
3106,Pcdh18
3107,Pcdh20
3108,Pcdh7
3109,Pcdh8
3110,Pcdh9
3111,Pclo
3112,Pcm1
3113,Pcmt1
3114,Pcmtd1
3115,Pcmtd2
3116,Pcna
3117,Pcolce
3118,Pcp4
3119,Pcp4l1
3120,Pcsk1
3121,Pcsk1n
3122,Pcsk2
3123,Pcyox1
3124,Pcyt2
3125,Pdcd10
3126,Pdcd6
3127,Pdcd6ip
3128,Pdcl
3129,Pdcl3
3130,Pde10a
3131,Pde11a
3132,Pde1a
3133,Pde2a
3134,Pde4b
3135,Pde4d
3136,Pde4dip
3137,Pde6d
3138,Pde8b
3139,Pde9a
3140,Pdf
3141,Pdgfc
3142,Pdgfrb
3143,Pdha1
3144,Pdhb
3145,Pdhx
3146,Pdia3
3147,Pdia4
3148,Pdia6
3149,Pdk2
3150,Pdk3
3151,Pdlim1
3152,Pdlim2
3153,Pdlim3
3154,Pdlim4
3155,Pdlim5
3156,Pdlim7
3157,Pdp1
3158,Pdpk1
3159,Pdrg1
3160,Pds5b
3161,Pdxdc1
3162,Pdxk
3163,Pdxp
3164,Pdyn
3165,Pdzd11
3166,Pea15a
3167,Pebp1
3168,Pecam1
3169,Pef1
3170,Peg13
3171,Peg3
3172,Peli1
3173,Penk
3174,Perp
3175,Pex11b
3176,Pex13
3177,Pex19
3178,Pex2
3179,Pex3
3180,Pex5
3181,Pex5l
3182,Pex7
3183,Pfdn1
3184,Pfdn2
3185,Pfdn5
3186,Pfkl
3187,Pfkm
3188,Pfkp
3189,Pfn1
3190,Pfn2
3191,Pgam1
3192,Pgam5
3193,Pgbd5
3194,Pgk1
3195,Pglyrp1
3196,Pgm2
3197,Pgm2l1
3198,Pgrmc1
3199,Phactr1
3200,Phactr3
3201,Phax
3202,Phb2
3203,Phc2
3204,Phf20
3205,Phf20l1
3206,Phf3
3207,Phf5a
3208,Phf6
3209,Phgdh
3210,Phip
3211,Phka1
3212,Phkg1
3213,Phlda1
3214,Phldb2
3215,Phospho2
3216,Phpt1
3217,Phyh
3218,Phyhipl
3219,Pi4ka
3220,Pias1
3221,Pias2
3222,Picalm
3223,Pid1
3224,Pigc
3225,Pigk
3226,Pigp
3227,Pigs
3228,Pigu
3229,Pik3c2a
3230,Pik3ca
3231,Pik3ip1
3232,Pik3r1
3233,Pim3
3234,Pin1
3235,Pink1
3236,Pip4k2a
3237,Pip5k1c
3238,Pisd
3239,Pisd-ps1
3240,Pithd1
3241,Pitpna
3242,Pitpnb
3243,Pitpnc1
3244,Pja1
3245,Pja2
3246,Pkia
3247,Pkib
3248,Pkig
3249,Pkm
3250,Pknox2
3251,Pla2g16
3252,Pla2g7
3253,Plaa
3254,Plat
3255,Plcb1
3256,Plcb4
3257,Plcd4
3258,Plch2
3259,Plcxd2
3260,Plcxd3
3261,Pld3
3262,Plekha1
3263,Plekha5
3264,Plekhb1
3265,Plekhb2
3266,Plekhg3
3267,Plk2
3268,Pllp
3269,Pln
3270,Plod1
3271,Plp1
3272,Plrg1
3273,Pls3
3274,Pltp
3275,Plxdc2
3276,Plxna2
3277,Plxna4
3278,Pmm1
3279,Pmp22
3280,Pmpcb
3281,Pmvk
3282,Pnck
3283,Pnisr
3284,Pnkd
3285,Pnmal1
3286,Pnmal2
3287,Pnn
3288,Pnoc
3289,Pnpla2
3290,Pnpla8
3291,Pnpo
3292,Pnpt1
3293,Pnrc1
3294,Pnrc2
3295,Podxl
3296,Podxl2
3297,Poglut1
3298,Polb
3299,Poldip2
3300,Pole4
3301,Polr1d
3302,Polr2b
3303,Polr2c
3304,Polr2e
3305,Polr2g
3306,Polr2j
3307,Polr2m
3308,Polr3h
3309,Polr3k
3310,Pomgnt1
3311,Pomp
3312,Pon2
3313,Pop5
3314,Por
3315,Porcn
3316,Pou3f2
3317,Ppa1
3318,Ppa2
3319,Ppap2a
3320,Ppap2b
3321,Ppapdc1a
3322,Ppapdc2
3323,Ppargc1a
3324,Ppfia2
3325,Ppfibp1
3326,Ppia
3327,Ppib
3328,Ppid
3329,Ppig
3330,Ppil2
3331,Ppil4
3332,Ppip5k1
3333,Ppm1a
3334,Ppm1e
3335,Ppm1g
3336,Ppm1h
3337,Ppm1l
3338,Ppme1
3339,Ppox
3340,Ppp1ca
3341,Ppp1cb
3342,Ppp1r11
3343,Ppp1r12a
3344,Ppp1r12b
3345,Ppp1r12c
3346,Ppp1r14a
3347,Ppp1r14c
3348,Ppp1r1a
3349,Ppp1r1b
3350,Ppp1r2
3351,Ppp1r3c
3352,Ppp1r3g
3353,Ppp1r7
3354,Ppp1r9a
3355,Ppp2ca
3356,Ppp2cb
3357,Ppp2r1a
3358,Ppp2r2a
3359,Ppp2r2b
3360,Ppp2r2c
3361,Ppp2r2d
3362,Ppp2r4
3363,Ppp2r5c
3364,Ppp2r5d
3365,Ppp3ca
3366,Ppp3cb
3367,Ppp3r1
3368,Ppp4c
3369,Ppp5c
3370,Ppp6c
3371,Ppp6r3
3372,Ppt1
3373,Pqbp1
3374,Praf2
3375,Prdx1
3376,Prdx2
3377,Prdx3
3378,Prdx4
3379,Prdx5
3380,Prdx6
3381,Preb
3382,Prelid1
3383,Prelp
3384,Prepl
3385,Prex2
3386,Prickle1
3387,Prickle2
3388,Prkacb
3389,Prkag1
3390,Prkar1a
3391,Prkar1b
3392,Prkar2b
3393,Prkca
3394,Prkcb
3395,Prkcdbp
3396,Prkce
3397,Prkcg
3398,Prkcsh
3399,Prkcz
3400,Prmt2
3401,Prmt5
3402,Prmt7
3403,Prmt8
3404,Prnp
3405,Prodh
3406,Prom1
3407,Pros1
3408,Prosc
3409,Prox1
3410,Prpf18
3411,Prpf38b
3412,Prpf39
3413,Prpf40a
3414,Prpf4b
3415,Prpf6
3416,Prpf8
3417,Prph
3418,Prps1
3419,Prpsap1
3420,Prr13
3421,Prrc2c
3422,Prrt2
3423,Prss12
3424,Prss23
3425,Psap
3426,Psat1
3427,Psd2
3428,Psd3
3429,Psen1
3430,Psip1
3431,Psma1
3432,Psma2
3433,Psma3
3434,Psma4
3435,Psma5
3436,Psma6
3437,Psma7
3438,Psmb1
3439,Psmb10
3440,Psmb2
3441,Psmb3
3442,Psmb4
3443,Psmb5
3444,Psmb6
3445,Psmb7
3446,Psmb8
3447,Psmc1
3448,Psmc2
3449,Psmc3
3450,Psmc4
3451,Psmc5
3452,Psmc6
3453,Psmd1
3454,Psmd10
3455,Psmd11
3456,Psmd12
3457,Psmd13
3458,Psmd14
3459,Psmd2
3460,Psmd3
3461,Psmd4
3462,Psmd5
3463,Psmd6
3464,Psmd7
3465,Psmd8
3466,Psme1
3467,Psme2
3468,Psme3
3469,Psme4
3470,Psmg2
3471,Pspc1
3472,Psph
3473,Ptbp2
3474,Ptbp3
3475,Ptcd2
3476,Ptcd3
3477,Ptchd4
3478,Ptdss1
3479,Ptdss2
3480,Pten
3481,Ptgds
3482,Ptgfr
3483,Ptgr2
3484,Ptgs2
3485,Pthlh
3486,Ptk2
3487,Ptk2b
3488,Ptma
3489,Ptn
3490,Ptov1
3491,Ptp4a2
3492,Ptp4a3
3493,Ptplad1
3494,Ptplb
3495,Ptpmt1
3496,Ptpn2
3497,Ptpn4
3498,Ptpn5
3499,Ptpra
3500,Ptprb
3501,Ptprd
3502,Ptpre
3503,Ptprg
3504,Ptprk
3505,Ptprm
3506,Ptprn
3507,Ptprn2
3508,Ptpro
3509,Ptprs
3510,Ptprt
3511,Ptprz1
3512,Ptrf
3513,Pts
3514,Pttg1
3515,Pttg1ip
3516,Puf60
3517,Pum1
3518,Pum2
3519,Pura
3520,Purb
3521,Pvalb
3522,Pvrl3
3523,Pwwp2a
3524,Pxk
3525,Pygb
3526,Pygm
3527,Pyurf
3528,Qdpr
3529,Qk
3530,Qpct
3531,Qrfpr
3532,Qrich1
3533,R3hdm1
3534,R3hdm2
3535,R3hdm4
3536,Rab1
3537,Rab10
3538,Rab11a
3539,Rab11b
3540,Rab12
3541,Rab14
3542,Rab15
3543,Rab18
3544,Rab1b
3545,Rab24
3546,Rab26
3547,Rab27b
3548,Rab28
3549,Rab2a
3550,Rab2b
3551,Rab30
3552,Rab31
3553,Rab33a
3554,Rab34
3555,Rab3a
3556,Rab3b
3557,Rab3c
3558,Rab3gap1
3559,Rab3gap2
3560,Rab3il1
3561,Rab4a
3562,Rab4b
3563,Rab5a
3564,Rab6a
3565,Rab6b
3566,Rab7
3567,Rab8a
3568,Rab9
3569,Rabac1
3570,Rabep1
3571,Rabgap1
3572,Rabgap1l
3573,Rabggta
3574,Rabggtb
3575,Rabif
3576,Rabl2
3577,Rac1
3578,Rad21
3579,Rae1
3580,Raf1
3581,Rala
3582,Ralbp1
3583,Ralgapa1
3584,Ralgds
3585,Ralyl
3586,Ramp1
3587,Ramp2
3588,Ramp3
3589,Ran
3590,Ranbp1
3591,Ranbp2
3592,Ranbp6
3593,Rangap1
3594,Rap1a
3595,Rap1b
3596,Rap1gds1
3597,Rapgef3
3598,Rapgef4
3599,Rapgef5
3600,Rapgef6
3601,Raph1
3602,Rars
3603,Rasa1
3604,Rasa2
3605,Rasal2
3606,Rasd2
3607,Rasgef1a
3608,Rasgef1b
3609,Rasgrf1
3610,Rasgrf2
3611,Rasgrp1
3612,Rasgrp3
3613,Rasl10a
3614,Rasl11a
3615,Rasl11b
3616,Rb1
3617,Rb1cc1
3618,Rbbp4
3619,Rbbp6
3620,Rbbp7
3621,Rbbp9
3622,Rbck1
3623,Rbfox1
3624,Rbfox3
3625,Rbm17
3626,Rbm18
3627,Rbm25
3628,Rbm26
3629,Rbm28
3630,Rbm33
3631,Rbm39
3632,Rbm42
3633,Rbm4b
3634,Rbm5
3635,Rbm6
3636,Rbm7
3637,Rbm8a
3638,Rbms1
3639,Rbms3
3640,Rbmx
3641,Rbp1
3642,Rbp4
3643,Rbpms
3644,Rbx1
3645,Rc3h2
3646,Rcan2
3647,Rchy1
3648,Rcn1
3649,Rcn2
3650,Rdh11
3651,Rdh14
3652,Rdx
3653,Reep1
3654,Reep2
3655,Reep3
3656,Reep5
3657,Reln
3658,Reps2
3659,Rer1
3660,Resp18
3661,Rev3l
3662,Rexo2
3663,Rfc1
3664,Rfk
3665,Rfng
3666,Rfx3
3667,Rfx4
3668,Rfxap
3669,Rgcc
3670,Rgl1
3671,Rgmb
3672,Rgs10
3673,Rgs12
3674,Rgs16
3675,Rgs17
3676,Rgs2
3677,Rgs20
3678,Rgs4
3679,Rgs5
3680,Rgs7
3681,Rgs7bp
3682,Rgs8
3683,Rhbdd2
3684,Rhbdf1
3685,Rhbdl1
3686,Rheb
3687,Rhoa
3688,Rhob
3689,Rhoc
3690,Rhog
3691,Rhoj
3692,Rhot1
3693,Ric3
3694,Ric8
3695,Rictor
3696,Rif1
3697,Rilpl1
3698,Rims2
3699,Rims3
3700,Rin2
3701,Riok3
3702,Rit1
3703,Rit2
3704,Rmdn1
3705,Rmnd1
3706,Rmnd5a
3707,Rmnd5b
3708,Rmst
3709,Rn18s-rs5
3710,Rnase4
3711,Rnasek
3712,Rnd2
3713,Rnd3
3714,Rnf103
3715,Rnf11
3716,Rnf112
3717,Rnf114
3718,Rnf115
3719,Rnf128
3720,Rnf13
3721,Rnf130
3722,Rnf138
3723,Rnf139
3724,Rnf14
3725,Rnf141
3726,Rnf146
3727,Rnf157
3728,Rnf167
3729,Rnf180
3730,Rnf181
3731,Rnf187
3732,Rnf2
3733,Rnf20
3734,Rnf215
3735,Rnf220
3736,Rnf34
3737,Rnf4
3738,Rnf41
3739,Rnf5
3740,Rnf6
3741,Rnf7
3742,Rnft1
3743,Rnh1
3744,Rnmt
3745,Rnpc3
3746,Rnpep
3747,Rnr1
3748,Rnr2
3749,Robo2
3750,Rock1
3751,Rock2
3752,Rogdi
3753,Romo1
3754,Rora
3755,Rorb
3756,Rpf2
3757,Rph3a
3758,Rpl10
3759,Rpl13
3760,Rpl13a
3761,Rpl14
3762,Rpl15
3763,Rpl18
3764,Rpl18a
3765,Rpl19
3766,Rpl21
3767,Rpl22l1
3768,Rpl23
3769,Rpl26
3770,Rpl3
3771,Rpl32
3772,Rpl34
3773,Rpl37
3774,Rpl37a
3775,Rpl38
3776,Rpl4
3777,Rpl41
3778,Rpl7
3779,Rpl7l1
3780,Rpl8
3781,Rpl9
3782,Rplp0
3783,Rplp1
3784,Rplp2
3785,Rpn1
3786,Rpn2
3787,Rpp14
3788,Rpp25
3789,Rpp30
3790,Rprm
3791,Rprml
3792,Rps11
3793,Rps13
3794,Rps14
3795,Rps15
3796,Rps15a
3797,Rps18
3798,Rps19
3799,Rps2
3800,Rps21
3801,Rps23
3802,Rps24
3803,Rps25
3804,Rps27
3805,Rps27a
3806,Rps27l
3807,Rps29
3808,Rps3
3809,Rps3a1
3810,Rps4l
3811,Rps4x
3812,Rps5
3813,Rps6kb1
3814,Rps6kb2
3815,Rps8
3816,Rps9
3817,Rpusd1
3818,Rraga
3819,Rragb
3820,Rragc
3821,Rras
3822,Rrp1
3823,Rsf1
3824,Rsl1d1
3825,Rspo1
3826,Rsrc2
3827,Rsrp1
3828,Rsu1
3829,Rtca
3830,Rtcb
3831,Rtfdc1
3832,Rtn1
3833,Rtn3
3834,Rtn4
3835,Rtn4rl1
3836,Rufy2
3837,Rufy3
3838,Rundc3a
3839,Runx1t1
3840,Rusc1
3841,Rwdd2a
3842,Rxfp1
3843,Ryr2
3844,S100a1
3845,S100a10
3846,S100a11
3847,S100a13
3848,S100a16
3849,S100a6
3850,S100b
3851,S1pr1
3852,Sacm1l
3853,Sae1
3854,Samd12
3855,Samd3
3856,Samm50
3857,Sap18
3858,Sar1a
3859,Sar1b
3860,Saraf
3861,Sars
3862,Sat1
3863,Satb1
3864,Sbds
3865,Sbf2
3866,Sbno1
3867,Sc5d
3868,Scaf11
3869,Scai
3870,Scamp1
3871,Scamp2
3872,Scamp3
3873,Scamp5
3874,Scaper
3875,Scara3
3876,Scarb2
3877,Sccpdh
3878,Scd2
3879,Scfd1
3880,Scg2
3881,Scg3
3882,Scg5
3883,Scn1a
3884,Scn1b
3885,Scn2a1
3886,Scn2b
3887,Scn3a
3888,Scn8a
3889,Scnn1a
3890,Scoc
3891,Scp2
3892,Scpep1
3893,Scrg1
3894,Sdc2
3895,Sdcbp
3896,Sdccag3
3897,Sdf2
3898,Sdf4
3899,Sdha
3900,Sdhaf2
3901,Sdhb
3902,Sdhc
3903,Sdhd
3904,Sdpr
3905,Sec11a
3906,Sec11c
3907,Sec13
3908,Sec14l1
3909,Sec22b
3910,Sec23a
3911,Sec23b
3912,Sec31a
3913,Sec61a1
3914,Sec61a2
3915,Sec62
3916,Sec63
3917,Secisbp2l
3918,Seh1l
3919,Sel1l
3920,Sel1l3
3921,Selk
3922,Selm
3923,Sema3a
3924,Sema3c
3925,Sema3e
3926,Sema4a
3927,Sema5a
3928,Sema6d
3929,Senp2
3930,Sep15
3931,Sepp1
3932,Sept11
3933,Sept3
3934,Sept4
3935,Sept6
3936,Sept7
3937,Sept8
3938,Sepw1
3939,Serbp1
3940,Serinc1
3941,Serinc3
3942,Serp1
3943,Serp2
3944,Serpina3n
3945,Serpinb6a
3946,Serpinb9
3947,Serpine2
3948,Serpinf1
3949,Serping1
3950,Serpinh1
3951,Serpini1
3952,Sesn1
3953,Sestd1
3954,Setd2
3955,Setd3
3956,Setx
3957,Sez6
3958,Sez6l2
3959,Sf1
3960,Sf3a3
3961,Sf3b1
3962,Sf3b2
3963,Sf3b3
3964,Sf3b5
3965,Sf3b6
3966,Sfpq
3967,Sfr1
3968,Sfxn1
3969,Sfxn3
3970,Sgcb
3971,Sgce
3972,Sgip1
3973,Sgk1
3974,Sgms1
3975,Sgpp1
3976,Sgsm1
3977,Sgsm3
3978,Sgta
3979,Sgtb
3980,Sh3bgrl
3981,Sh3bgrl3
3982,Sh3gl1
3983,Sh3gl2
3984,Sh3gl3
3985,Sh3glb1
3986,Sh3glb2
3987,Shank1
3988,Shfm1
3989,Shisa4
3990,Shisa5
3991,Shisa9
3992,Shoc2
3993,Shprh
3994,Shroom2
3995,Sidt2
3996,Sike1
3997,Sin3b
3998,Sipa1l1
3999,Sirpa
4000,Sirt2
4001,Sirt3
4002,Sirt4
4003,Sirt7
4004,Skiv2l2
4005,Skp1a
4006,Slbp
4007,Slc12a2
4008,Slc12a5
4009,Slc15a2
4010,Slc16a1
4011,Slc16a4
4012,Slc17a6
4013,Slc17a7
4014,Slc17a8
4015,Slc19a1
4016,Slc1a1
4017,Slc1a2
4018,Slc1a3
4019,Slc1a4
4020,Slc20a1
4021,Slc20a2
4022,Slc22a17
4023,Slc22a8
4024,Slc23a2
4025,Slc24a2
4026,Slc24a3
4027,Slc25a1
4028,Slc25a11
4029,Slc25a12
4030,Slc25a14
4031,Slc25a17
4032,Slc25a18
4033,Slc25a22
4034,Slc25a27
4035,Slc25a3
4036,Slc25a33
4037,Slc25a36
4038,Slc25a39
4039,Slc25a4
4040,Slc25a44
4041,Slc25a46
4042,Slc25a5
4043,Slc26a4
4044,Slc27a1
4045,Slc2a1
4046,Slc2a13
4047,Slc2a3
4048,Slc30a10
4049,Slc30a3
4050,Slc30a4
4051,Slc30a5
4052,Slc30a6
4053,Slc30a9
4054,Slc31a1
4055,Slc35a1
4056,Slc35a2
4057,Slc35a5
4058,Slc35b1
4059,Slc35b2
4060,Slc35b4
4061,Slc35f1
4062,Slc35g2
4063,Slc38a1
4064,Slc38a11
4065,Slc38a2
4066,Slc38a3
4067,Slc39a10
4068,Slc39a12
4069,Slc39a6
4070,Slc39a7
4071,Slc3a2
4072,Slc40a1
4073,Slc41a1
4074,Slc44a1
4075,Slc48a1
4076,Slc4a10
4077,Slc4a4
4078,Slc50a1
4079,Slc5a5
4080,Slc5a7
4081,Slc6a1
4082,Slc6a13
4083,Slc6a15
4084,Slc6a17
4085,Slc6a20a
4086,Slc6a6
4087,Slc7a10
4088,Slc7a11
4089,Slc7a14
4090,Slc7a2
4091,Slc7a3
4092,Slc7a4
4093,Slc8a1
4094,Slc9a3r1
4095,Slc9a3r2
4096,Slc9a6
4097,Slco1a4
4098,Slco1c1
4099,Slco2a1
4100,Slco2b1
4101,Slirp
4102,Slitrk2
4103,Slitrk4
4104,Slk
4105,Slmap
4106,Slmo2
4107,Sltm
4108,Slu7
4109,Smad2
4110,Smap1
4111,Smarca2
4112,Smarca4
4113,Smarcb1
4114,Smarcc2
4115,Smarcd3
4116,Smc1a
4117,Smc2
4118,Smc3
4119,Smc5
4120,Smc6
4121,Smdt1
4122,Smek2
4123,Smg1
4124,Smim12
4125,Smim13
4126,Smim14
4127,Smim15
4128,Smim20
4129,Smim3
4130,Smim7
4131,Smox
4132,Smpd1
4133,Smpd2
4134,Smpdl3a
4135,Sms
4136,Smu1
4137,Smyd2
4138,Snap23
4139,Snap25
4140,Snap47
4141,Snap91
4142,Snapc3
4143,Snapc5
4144,Snapin
4145,Snca
4146,Sncb
4147,Sncg
4148,Snhg11
4149,Snhg4
4150,Snrk
4151,Snrnp200
4152,Snrnp27
4153,Snrnp70
4154,Snrpa
4155,Snrpa1
4156,Snrpb
4157,Snrpb2
4158,Snrpd1
4159,Snrpd3
4160,Snrpe
4161,Sntg1
4162,Snw1
4163,Snx1
4164,Snx10
4165,Snx13
4166,Snx14
4167,Snx16
4168,Snx17
4169,Snx2
4170,Snx27
4171,Snx3
4172,Snx32
4173,Snx4
4174,Snx5
4175,Snx6
4176,Snx7
4177,Sobp
4178,Socs2
4179,Socs5
4180,Sod1
4181,Sod2
4182,Sod3
4183,Soga3
4184,Son
4185,Sorbs1
4186,Sorbs2
4187,Sorbs3
4188,Sorcs1
4189,Sorcs3
4190,Sorl1
4191,Sort1
4192,Sos1
4193,Sox17
4194,Sox18
4195,Sox2
4196,Sox2ot
4197,Sox6
4198,Sox9
4199,Sp3
4200,Spag7
4201,Spag9
4202,Sparc
4203,Sparcl1
4204,Spats2l
4205,Spc25
4206,Spcs1
4207,Spcs2
4208,Spcs3
4209,Sphkap
4210,Spin1
4211,Spire1
4212,Spns1
4213,Spock1
4214,Spock2
4215,Spock3
4216,Spon1
4217,Spop
4218,Spp1
4219,Sppl3
4220,Spred1
4221,Sprn
4222,Spry1
4223,Spryd7
4224,Spsb3
4225,Sptan1
4226,Sptbn1
4227,Sptbn2
4228,Sptssa
4229,Sqle
4230,Sqstm1
4231,Sra1
4232,Srebf2
4233,Srek1
4234,Srgap2
4235,Srgap3
4236,Srgn
4237,Sri
4238,Srm
4239,Srp14
4240,Srp19
4241,Srp72
4242,Srp9
4243,Srpk2
4244,Srpr
4245,Srprb
4246,Srr
4247,Srrm1
4248,Srrm2
4249,Srsf1
4250,Srsf10
4251,Srsf11
4252,Srsf2
4253,Srsf3
4254,Srsf5
4255,Srsf6
4256,Srsf7
4257,Srsf9
4258,Srxn1
4259,Ss18
4260,Ssb
4261,Ssbp1
4262,Ssbp2
4263,Ssna1
4264,Ssr1
4265,Ssr2
4266,Ssr3
4267,Ssr4
4268,Ssrp1
4269,Sst
4270,Sstr2
4271,Ssu72
4272,Ssx2ip
4273,St13
4274,St3gal4
4275,St3gal5
4276,St3gal6
4277,St6gal2
4278,St6galnac5
4279,St8sia3
4280,St8sia4
4281,St8sia5
4282,Stac
4283,Stag1
4284,Stag2
4285,Stam
4286,Stambp
4287,Stard3nl
4288,Stard7
4289,Stard8
4290,Stat3
4291,Stau1
4292,Stau2
4293,Stip1
4294,Stk16
4295,Stk17b
4296,Stk25
4297,Stk32c
4298,Stk38
4299,Stmn1
4300,Stmn2
4301,Stmn3
4302,Stmn4
4303,Stoml1
4304,Stoml2
4305,Strap
4306,Strbp
4307,Strip1
4308,Strn3
4309,Strn4
4310,Stt3a
4311,Stt3b
4312,Stub1
4313,Stx12
4314,Stx1a
4315,Stx1b
4316,Stx3
4317,Stx4a
4318,Stx6
4319,Stx7
4320,Stxbp1
4321,Stxbp2
4322,Stxbp3a
4323,Stxbp5
4324,Stxbp5l
4325,Stxbp6
4326,Sub1
4327,Sucla2
4328,Suclg1
4329,Sugt1
4330,Sulf2
4331,Sult1a1
4332,Sult4a1
4333,Sumo1
4334,Sumo3
4335,Sun1
4336,Supt16
4337,Supt20
4338,Supt4a
4339,Supt5
4340,Surf1
4341,Surf4
4342,Susd4
4343,Suv420h1
4344,Sv2a
4345,Sv2b
4346,Svip
4347,Svop
4348,Swi5
4349,Sybu
4350,Syf2
4351,Syn1
4352,Syn2
4353,Syndig1
4354,Syne1
4355,Syne2
4356,Syngr1
4357,Syngr2
4358,Syngr3
4359,Synj1
4360,Synj2
4361,Synj2bp
4362,Synpr
4363,Syp
4364,Sypl
4365,Sys1
4366,Syt1
4367,Syt11
4368,Syt13
4369,Syt16
4370,Syt17
4371,Syt2
4372,Syt4
4373,Syt5
4374,Syt7
4375,Sytl2
4376,Tac1
4377,Tac2
4378,Tacc1
4379,Tada1
4380,Taf1
4381,Taf13
4382,Taf9
4383,Taf9b
4384,Tagln
4385,Tagln2
4386,Tagln3
4387,Taldo1
4388,Tanc2
4389,Tango2
4390,Tank
4391,Taok1
4392,Tapt1
4393,Tardbp
4394,Tars
4395,Tasp1
4396,Tax1bp1
4397,Taz
4398,Tbc1d15
4399,Tbc1d17
4400,Tbc1d19
4401,Tbc1d23
4402,Tbca
4403,Tbcb
4404,Tbce
4405,Tbk1
4406,Tbl1x
4407,Tbp
4408,Tbr1
4409,Tbrg1
4410,Tcaf1
4411,Tcap
4412,Tceal1
4413,Tceal3
4414,Tceal5
4415,Tceal6
4416,Tceal8
4417,Tceb1
4418,Tceb2
4419,Tcerg1
4420,Tcerg1l
4421,Tcf12
4422,Tcf25
4423,Tcf4
4424,Tcn2
4425,Tcp1
4426,Tcp11l2
4427,Tcrb
4428,Tcta
4429,Tecr
4430,Tef
4431,Tek
4432,Tenm1
4433,Tenm2
4434,Tenm4
4435,Terf2ip
4436,Tesc
4437,Tet2
4438,Tex264
4439,Tfg
4440,Tfrc
4441,Tgfb1i1
4442,Tgfbr1
4443,Tgoln1
4444,Tgs1
4445,Th
4446,Them4
4447,Thoc1
4448,Thoc2
4449,Thoc7
4450,Thrb
4451,Thrsp
4452,Thsd7a
4453,Thumpd1
4454,Thumpd3
4455,Thy1
4456,Tia1
4457,Tial1
4458,Tiam1
4459,Tiam2
4460,Timm10
4461,Timm10b
4462,Timm13
4463,Timm17a
4464,Timm21
4465,Timm22
4466,Timm50
4467,Timm8b
4468,Timm9
4469,Timp2
4470,Timp3
4471,Timp4
4472,Tinagl1
4473,Tiparp
4474,Tipin
4475,Tiprl
4476,Tjp1
4477,Tkt
4478,Tlcd1
4479,Tle1
4480,Tle2
4481,Tle4
4482,Tlr3
4483,Tm2d1
4484,Tm2d2
4485,Tm2d3
4486,Tm4sf1
4487,Tm7sf3
4488,Tm9sf1
4489,Tm9sf2
4490,Tm9sf3
4491,Tmbim1
4492,Tmbim4
4493,Tmbim6
4494,Tmc7
4495,Tmcc1
4496,Tmco1
4497,Tmed10
4498,Tmed3
4499,Tmed4
4500,Tmed5
4501,Tmed7
4502,Tmed9
4503,Tmeff1
4504,Tmeff2
4505,Tmem100
4506,Tmem106b
4507,Tmem109
4508,Tmem11
4509,Tmem119
4510,Tmem123
4511,Tmem126a
4512,Tmem128
4513,Tmem129
4514,Tmem130
4515,Tmem132a
4516,Tmem132b
4517,Tmem135
4518,Tmem145
4519,Tmem147
4520,Tmem14a
4521,Tmem14c
4522,Tmem151a
4523,Tmem159
4524,Tmem161b
4525,Tmem163
4526,Tmem165
4527,Tmem167
4528,Tmem170b
4529,Tmem175
4530,Tmem176a
4531,Tmem176b
4532,Tmem178
4533,Tmem179
4534,Tmem179b
4535,Tmem18
4536,Tmem183a
4537,Tmem184c
4538,Tmem191c
4539,Tmem196
4540,Tmem199
4541,Tmem200a
4542,Tmem204
4543,Tmem208
4544,Tmem209
4545,Tmem215
4546,Tmem218
4547,Tmem222
4548,Tmem223
4549,Tmem229a
4550,Tmem234
4551,Tmem246
4552,Tmem25
4553,Tmem256
4554,Tmem258
4555,Tmem261
4556,Tmem29
4557,Tmem30a
4558,Tmem33
4559,Tmem35
4560,Tmem38a
4561,Tmem44
4562,Tmem47
4563,Tmem5
4564,Tmem50a
4565,Tmem50b
4566,Tmem55a
4567,Tmem55b
4568,Tmem56
4569,Tmem59
4570,Tmem59l
4571,Tmem60
4572,Tmem62
4573,Tmem65
4574,Tmem68
4575,Tmem70
4576,Tmem9
4577,Tmem91
4578,Tmem9b
4579,Tmf1
4580,Tmod2
4581,Tmod3
4582,Tmpo
4583,Tmsb10
4584,Tmsb4x
4585,Tmtc4
4586,Tmub2
4587,Tmx1
4588,Tmx2
4589,Tmx3
4590,Tmx4
4591,Tnfaip1
4592,Tnfaip6
4593,Tnfaip8
4594,Tnfaip8l3
4595,Tnfrsf19
4596,Tnfrsf21
4597,Tnik
4598,Tnks2
4599,Tnnc1
4600,Tnnt1
4601,Tnpo1
4602,Tnpo3
4603,Tnrc6a
4604,Tnrc6b
4605,Tns1
4606,Tob1
4607,Tollip
4608,Tom1l2
4609,Tomm20
4610,Tomm22
4611,Tomm34
4612,Tomm40
4613,Tomm6
4614,Tomm7
4615,Tomm70a
4616,Top1
4617,Top2b
4618,Topors
4619,Tor1a
4620,Tor1aip2
4621,Tpbg
4622,Tpd52
4623,Tpd52l1
4624,Tpd52l2
4625,Tpgs2
4626,Tpi1
4627,Tpm1
4628,Tpm2
4629,Tpm3
4630,Tpm4
4631,Tpp1
4632,Tpp2
4633,Tppp
4634,Tppp3
4635,Tpr
4636,Tpra1
4637,Tprgl
4638,Tprkb
4639,Tpst1
4640,Tpst2
4641,Tpt1
4642,Tra2a
4643,Tram1
4644,Tram1l1
4645,Trank1
4646,Trap1
4647,Trappc1
4648,Trappc11
4649,Trappc13
4650,Trappc2l
4651,Trappc3
4652,Trappc4
4653,Trappc6b
4654,Trf
4655,Trh
4656,Trhde
4657,Trhr
4658,Trib2
4659,Tril
4660,Trim2
4661,Trim23
4662,Trim28
4663,Trim3
4664,Trim32
4665,Trim35
4666,Trim37
4667,Trim44
4668,Trim9
4669,Trip11
4670,Trip12
4671,Trmt1
4672,Trmt2a
4673,Trnt1
4674,Tro
4675,Trove2
4676,Trp53bp1
4677,Trp53i11
4678,Trp53inp2
4679,Trpc4ap
4680,Trpc6
4681,Trpc7
4682,Trpm7
4683,Tsc22d1
4684,Tsc22d3
4685,Tsc22d4
4686,Tsen34
4687,Tsg101
4688,Tshz2
4689,Tsn
4690,Tsnax
4691,Tspan13
4692,Tspan15
4693,Tspan2
4694,Tspan3
4695,Tspan31
4696,Tspan5
4697,Tspan6
4698,Tspan7
4699,Tspo
4700,Tspyl1
4701,Tspyl2
4702,Tspyl4
4703,Tsr2
4704,Tssc1
4705,Ttbk2
4706,Ttc1
4707,Ttc14
4708,Ttc19
4709,Ttc3
4710,Ttc33
4711,Ttc39b
4712,Ttc4
4713,Ttc5
4714,Ttc7b
4715,Ttc9b
4716,Ttll1
4717,Ttll7
4718,Ttpal
4719,Ttyh1
4720,Tub
4721,Tuba1a
4722,Tuba1b
4723,Tuba4a
4724,Tuba8
4725,Tubb2a
4726,Tubb2b
4727,Tubb3
4728,Tubb4a
4729,Tubb4b
4730,Tubb5
4731,Tubgcp5
4732,Tug1
4733,Tusc2
4734,Tusc3
4735,Tvp23b
4736,Twf2
4737,Twsg1
4738,Txlna
4739,Txn1
4740,Txn2
4741,Txndc15
4742,Txndc16
4743,Txndc17
4744,Txndc5
4745,Txndc9
4746,Txnip
4747,Txnl1
4748,Txnl4a
4749,Tyrobp
4750,Tyw5
4751,U2af1l4
4752,U2surp
4753,Uap1
4754,Uba1
4755,Uba2
4756,Uba3
4757,Uba5
4758,Ubac1
4759,Ubap1
4760,Ubap2l
4761,Ubash3b
4762,Ubb
4763,Ubc
4764,Ube2a
4765,Ube2b
4766,Ube2d1
4767,Ube2d3
4768,Ube2e2
4769,Ube2e3
4770,Ube2f
4771,Ube2g1
4772,Ube2j1
4773,Ube2k
4774,Ube2l3
4775,Ube2m
4776,Ube2n
4777,Ube2q2
4778,Ube2ql1
4779,Ube2r2
4780,Ube2w
4781,Ube3a
4782,Ubfd1
4783,Ubl3
4784,Ubl4
4785,Ubl5
4786,Ubl7
4787,Ublcp1
4788,Ubn2
4789,Ubqln1
4790,Ubqln2
4791,Ubr1
4792,Ubr2
4793,Ubr3
4794,Ubr4
4795,Ubr5
4796,Ubxn1
4797,Ubxn2a
4798,Ubxn4
4799,Ubxn6
4800,Uchl1
4801,Uchl3
4802,Uchl5
4803,Uckl1
4804,Ucp2
4805,Ufc1
4806,Ufd1l
4807,Ufl1
4808,Ufm1
4809,Ufsp2
4810,Ugcg
4811,Uggt1
4812,Uggt2
4813,Ugp2
4814,Ugt8a
4815,Uhrf1bp1l
4816,Ulk2
4817,Umad1
4818,Unc13a
4819,Unc13b
4820,Unc13c
4821,Unc50
4822,Unc5a
4823,Unc80
4824,Unc93b1
4825,Upf3b
4826,Uqcc1
4827,Uqcc2
4828,Uqcr10
4829,Uqcr11
4830,Uqcrb
4831,Uqcrc1
4832,Uqcrc2
4833,Uqcrfs1
4834,Uqcrh
4835,Uqcrq
4836,Urod
4837,Uros
4838,Usmg5
4839,Usp11
4840,Usp14
4841,Usp15
4842,Usp16
4843,Usp19
4844,Usp2
4845,Usp22
4846,Usp29
4847,Usp32
4848,Usp33
4849,Usp34
4850,Usp4
4851,Usp46
4852,Usp47
4853,Usp48
4854,Usp5
4855,Usp53
4856,Usp54
4857,Usp7
4858,Usp8
4859,Usp9x
4860,Utp3
4861,Utrn
4862,Vamp1
4863,Vamp2
4864,Vamp3
4865,Vamp4
4866,Vapa
4867,Vav3
4868,Vbp1
4869,Vcam1
4870,Vcl
4871,Vcp
4872,Vcpip1
4873,Vdac1
4874,Vdac2
4875,Vdac3
4876,Vegfa
4877,Vezf1
4878,Vezt
4879,Vgf
4880,Vhl
4881,Vim
4882,Vimp
4883,Vip
4884,Vipas39
4885,Vkorc1
4886,Vldlr
4887,Vma21
4888,Vmp1
4889,Vopp1
4890,Vps11
4891,Vps13a
4892,Vps13b
4893,Vps16
4894,Vps25
4895,Vps26a
4896,Vps26b
4897,Vps28
4898,Vps29
4899,Vps35
4900,Vps37a
4901,Vps41
4902,Vps45
4903,Vps4a
4904,Vps4b
4905,Vps53
4906,Vrk1
4907,Vsnl1
4908,Vstm2a
4909,Vstm2b
4910,Vstm2l
4911,Vta1
4912,Vti1b
4913,Vtn
4914,Vwa1
4915,Vwc2l
4916,Wac
4917,Wars
4918,Wasf1
4919,Wasl
4920,Wbp2
4921,Wbp4
4922,Wbp5
4923,Wdfy3
4924,Wdr1
4925,Wdr12
4926,Wdr13
4927,Wdr26
4928,Wdr33
4929,Wdr37
4930,Wdr45b
4931,Wdr47
4932,Wdr6
4933,Wdr61
4934,Wdr7
4935,Wdr77
4936,Wdr82
4937,Wdyhv1
4938,Wfdc1
4939,Wfs1
4940,Whsc1
4941,Wls
4942,Wnk1
4943,Wnt5a
4944,Wrb
4945,Wsb1
4946,Wsb2
4947,Wscd1
4948,Wwtr1
4949,Xab2
4950,Xbp1
4951,Xiap
4952,Xist
4953,Xkr4
4954,Xpnpep1
4955,Xpo1
4956,Xpr1
4957,Xrn1
4958,Xrn2
4959,Yaf2
4960,Yars
4961,Ybx1
4962,Ybx3
4963,Yif1a
4964,Yif1b
4965,Yipf1
4966,Yipf3
4967,Yipf4
4968,Yipf5
4969,Yipf6
4970,Ylpm1
4971,Yme1l1
4972,Ypel3
4973,Ypel5
4974,Ythdc1
4975,Ythdf2
4976,Ythdf3
4977,Ywhab
4978,Ywhae
4979,Ywhag
4980,Ywhah
4981,Ywhaq
4982,Ywhaz
4983,Zak
4984,Zbtb11
4985,Zbtb16
4986,Zbtb18
4987,Zbtb20
4988,Zc2hc1a
4989,Zc3h11a
4990,Zc3h13
4991,Zc3h14
4992,Zc3h15
4993,Zc3h7a
4994,Zc4h2
4995,Zcchc11
4996,Zcchc12
4997,Zcchc17
4998,Zcchc18
4999,Zcchc7
5000,Zcrb1
5001,Zdhhc17
5002,Zdhhc2
5003,Zdhhc20
5004,Zdhhc6
5005,Zeb1
5006,Zeb2
5007,Zfand5
5008,Zfand6
5009,Zfc3h1
5010,Zfhx3
5011,Zfml
5012,Zfp106
5013,Zfp148
5014,Zfp157
5015,Zfp180
5016,Zfp191
5017,Zfp2
5018,Zfp207
5019,Zfp260
5020,Zfp277
5021,Zfp280c
5022,Zfp280d
5023,Zfp281
5024,Zfp292
5025,Zfp322a
5026,Zfp329
5027,Zfp36
5028,Zfp365
5029,Zfp36l1
5030,Zfp386
5031,Zfp40
5032,Zfp410
5033,Zfp422
5034,Zfp445
5035,Zfp451
5036,Zfp512
5037,Zfp532
5038,Zfp536
5039,Zfp60
5040,Zfp612
5041,Zfp62
5042,Zfp637
5043,Zfp639
5044,Zfp644
5045,Zfp655
5046,Zfp68
5047,Zfp706
5048,Zfp715
5049,Zfp758
5050,Zfp788
5051,Zfp846
5052,Zfp866
5053,Zfp869
5054,Zfp871
5055,Zfp930
5056,Zfp938
5057,Zfp941
5058,Zfp943
5059,Zfpm2
5060,Zfr
5061,Zfyve16
5062,Zfyve21
5063,Zhx1
5064,Zkscan16
5065,Zkscan3
5066,Zmat2
5067,Zmat4
5068,Zmiz1
5069,Zmym2
5070,Zmym3
5071,Zmym5
5072,Zmym6
5073,Zmynd11
5074,Zmynd8
5075,Znhit3
5076,Zpr1
5077,Zranb1
5078,Zranb2
5079,Zrsr2
5080,Zufsp
5081,Zwint
5082,Zyg11b
5083,l7Rn6
